label,n_obs,start,end,mean,sd,min,median,max
CPI,146,1990-01-01,2026-04-01,211.90597031963472,53.38974445224235,128.03333333333333,212.57366666666667,332.407
Exports,145,1990-01-01,2026-01-01,1710.4777034482759,839.6521226418309,538.232,1622.764,3524.222
FedFunds,146,1990-01-01,2026-04-01,2.8896803652968037,2.3300828041382045,0.06,2.966666666666667,8.25
Imports,145,1990-01-01,2026-01-01,2190.9637586206895,1078.562542442282,613.921,2298.702,4558.265
IndustrialProduction,146,1990-01-01,2026-04-01,90.48840776255707,12.886787752967136,60.71796666666667,95.3424,104.0491
OilWTI,146,1990-01-01,2026-04-01,52.001580647084005,28.950756041232285,12.933650793650791,48.81040072859745,123.775
RealGDP,145,1990-01-01,2026-01-01,16428.22936551724,3994.67759340483,9951.916,16561.866,24174.527
USDIndex,82,2006-01-01,2026-04-01,106.37169920036278,12.33158528477316,86.81096769230768,110.27849675099206,127.64460163934426
Unemployment,146,1990-01-01,2026-04-01,5.655821917808219,1.7293761110832029,3.533333333333333,5.316666666666666,13
