date,series_id,label,value
1990-01-01,CPIAUCSL,CPI,128.03333333333333
1990-04-01,CPIAUCSL,CPI,129.3
1990-07-01,CPIAUCSL,CPI,131.53333333333333
1990-10-01,CPIAUCSL,CPI,133.76666666666665
1991-01-01,CPIAUCSL,CPI,134.76666666666668
1991-04-01,CPIAUCSL,CPI,135.56666666666666
1991-07-01,CPIAUCSL,CPI,136.6
1991-10-01,CPIAUCSL,CPI,137.73333333333332
1992-01-01,CPIAUCSL,CPI,138.66666666666666
1992-04-01,CPIAUCSL,CPI,139.73333333333332
1992-07-01,CPIAUCSL,CPI,140.8
1992-10-01,CPIAUCSL,CPI,142.03333333333333
1993-01-01,CPIAUCSL,CPI,143.06666666666666
1993-04-01,CPIAUCSL,CPI,144.1
1993-07-01,CPIAUCSL,CPI,144.76666666666668
1993-10-01,CPIAUCSL,CPI,145.96666666666667
1994-01-01,CPIAUCSL,CPI,146.7
1994-04-01,CPIAUCSL,CPI,147.53333333333333
1994-07-01,CPIAUCSL,CPI,148.9
1994-10-01,CPIAUCSL,CPI,149.76666666666668
1995-01-01,CPIAUCSL,CPI,150.86666666666667
1995-04-01,CPIAUCSL,CPI,152.1
1995-07-01,CPIAUCSL,CPI,152.86666666666667
1995-10-01,CPIAUCSL,CPI,153.7
1996-01-01,CPIAUCSL,CPI,155.06666666666666
1996-04-01,CPIAUCSL,CPI,156.4
1996-07-01,CPIAUCSL,CPI,157.29999999999998
1996-10-01,CPIAUCSL,CPI,158.66666666666666
1997-01-01,CPIAUCSL,CPI,159.63333333333333
1997-04-01,CPIAUCSL,CPI,160
1997-07-01,CPIAUCSL,CPI,160.8
1997-10-01,CPIAUCSL,CPI,161.66666666666666
1998-01-01,CPIAUCSL,CPI,162
1998-04-01,CPIAUCSL,CPI,162.53333333333333
1998-07-01,CPIAUCSL,CPI,163.36666666666667
1998-10-01,CPIAUCSL,CPI,164.13333333333333
1999-01-01,CPIAUCSL,CPI,164.73333333333332
1999-04-01,CPIAUCSL,CPI,165.96666666666667
1999-07-01,CPIAUCSL,CPI,167.2
1999-10-01,CPIAUCSL,CPI,168.43333333333334
2000-01-01,CPIAUCSL,CPI,170.1
2000-04-01,CPIAUCSL,CPI,171.43333333333334
2000-07-01,CPIAUCSL,CPI,173
2000-10-01,CPIAUCSL,CPI,174.23333333333332
2001-01-01,CPIAUCSL,CPI,175.9
2001-04-01,CPIAUCSL,CPI,177.13333333333333
2001-07-01,CPIAUCSL,CPI,177.63333333333333
2001-10-01,CPIAUCSL,CPI,177.5
2002-01-01,CPIAUCSL,CPI,178.06666666666666
2002-04-01,CPIAUCSL,CPI,179.46666666666667
2002-07-01,CPIAUCSL,CPI,180.43333333333334
2002-10-01,CPIAUCSL,CPI,181.5
2003-01-01,CPIAUCSL,CPI,183.36666666666667
2003-04-01,CPIAUCSL,CPI,183.06666666666666
2003-07-01,CPIAUCSL,CPI,184.43333333333334
2003-10-01,CPIAUCSL,CPI,185.13333333333333
2004-01-01,CPIAUCSL,CPI,186.7
2004-04-01,CPIAUCSL,CPI,188.16666666666666
2004-07-01,CPIAUCSL,CPI,189.36666666666667
2004-10-01,CPIAUCSL,CPI,191.4
2005-01-01,CPIAUCSL,CPI,192.36666666666667
2005-04-01,CPIAUCSL,CPI,193.66666666666666
2005-07-01,CPIAUCSL,CPI,196.6
2005-10-01,CPIAUCSL,CPI,198.43333333333334
2006-01-01,CPIAUCSL,CPI,199.46666666666667
2006-04-01,CPIAUCSL,CPI,201.26666666666668
2006-07-01,CPIAUCSL,CPI,203.16666666666669
2006-10-01,CPIAUCSL,CPI,202.33333333333334
2007-01-01,CPIAUCSL,CPI,204.317
2007-04-01,CPIAUCSL,CPI,206.631
2007-07-01,CPIAUCSL,CPI,207.939
2007-10-01,CPIAUCSL,CPI,210.48966666666666
2008-01-01,CPIAUCSL,CPI,212.76966666666667
2008-04-01,CPIAUCSL,CPI,215.53766666666667
2008-07-01,CPIAUCSL,CPI,218.861
2008-10-01,CPIAUCSL,CPI,213.84866666666667
2009-01-01,CPIAUCSL,CPI,212.37766666666667
2009-04-01,CPIAUCSL,CPI,213.507
2009-07-01,CPIAUCSL,CPI,215.344
2009-10-01,CPIAUCSL,CPI,217.03
2010-01-01,CPIAUCSL,CPI,217.374
2010-04-01,CPIAUCSL,CPI,217.29733333333334
2010-07-01,CPIAUCSL,CPI,217.93433333333334
2010-10-01,CPIAUCSL,CPI,219.699
2011-01-01,CPIAUCSL,CPI,222.04366666666667
2011-04-01,CPIAUCSL,CPI,224.56833333333333
2011-07-01,CPIAUCSL,CPI,226.03266666666667
2011-10-01,CPIAUCSL,CPI,227.04733333333334
2012-01-01,CPIAUCSL,CPI,228.326
2012-04-01,CPIAUCSL,CPI,228.808
2012-07-01,CPIAUCSL,CPI,229.841
2012-10-01,CPIAUCSL,CPI,231.36933333333334
2013-01-01,CPIAUCSL,CPI,232.29933333333335
2013-04-01,CPIAUCSL,CPI,232.045
2013-07-01,CPIAUCSL,CPI,233.3
2013-10-01,CPIAUCSL,CPI,234.16266666666667
2014-01-01,CPIAUCSL,CPI,235.621
2014-04-01,CPIAUCSL,CPI,236.87233333333333
2014-07-01,CPIAUCSL,CPI,237.47833333333332
2014-10-01,CPIAUCSL,CPI,236.88833333333335
2015-01-01,CPIAUCSL,CPI,235.35500000000002
2015-04-01,CPIAUCSL,CPI,236.96
2015-07-01,CPIAUCSL,CPI,237.855
2015-10-01,CPIAUCSL,CPI,237.837
2016-01-01,CPIAUCSL,CPI,237.68933333333334
2016-04-01,CPIAUCSL,CPI,239.59033333333332
2016-07-01,CPIAUCSL,CPI,240.60733333333332
2016-10-01,CPIAUCSL,CPI,242.13466666666667
2017-01-01,CPIAUCSL,CPI,243.83866666666665
2017-04-01,CPIAUCSL,CPI,244.12
2017-07-01,CPIAUCSL,CPI,245.287
2017-10-01,CPIAUCSL,CPI,247.23833333333334
2018-01-01,CPIAUCSL,CPI,249.32166666666666
2018-04-01,CPIAUCSL,CPI,250.679
2018-07-01,CPIAUCSL,CPI,251.68633333333332
2018-10-01,CPIAUCSL,CPI,252.71099999999998
2019-01-01,CPIAUCSL,CPI,253.38566666666665
2019-04-01,CPIAUCSL,CPI,255.24733333333333
2019-07-01,CPIAUCSL,CPI,256.08933333333334
2019-10-01,CPIAUCSL,CPI,257.888
2020-01-01,CPIAUCSL,CPI,258.8176666666667
2020-04-01,CPIAUCSL,CPI,256.292
2020-07-01,CPIAUCSL,CPI,259.22166666666664
2020-10-01,CPIAUCSL,CPI,261.0916666666667
2021-01-01,CPIAUCSL,CPI,263.74233333333336
2021-04-01,CPIAUCSL,CPI,268.5503333333333
2021-07-01,CPIAUCSL,CPI,272.8296666666667
2021-10-01,CPIAUCSL,CPI,278.77133333333336
2022-01-01,CPIAUCSL,CPI,284.90566666666666
2022-04-01,CPIAUCSL,CPI,291.6053333333333
2022-07-01,CPIAUCSL,CPI,295.453
2022-10-01,CPIAUCSL,CPI,298.5416666666667
2023-01-01,CPIAUCSL,CPI,301.23033333333336
2023-04-01,CPIAUCSL,CPI,303.3976666666667
2023-07-01,CPIAUCSL,CPI,305.989
2023-10-01,CPIAUCSL,CPI,308.195
2024-01-01,CPIAUCSL,CPI,311.00333333333333
2024-04-01,CPIAUCSL,CPI,313.0806666666667
2024-07-01,CPIAUCSL,CPI,314.12100000000004
2024-10-01,CPIAUCSL,CPI,316.5876666666667
2025-01-01,CPIAUCSL,CPI,319.475
2025-04-01,CPIAUCSL,CPI,320.78566666666666
2025-07-01,CPIAUCSL,CPI,323.235
2025-10-01,CPIAUCSL,CPI,325.547
2026-01-01,CPIAUCSL,CPI,328.1136666666667
2026-04-01,CPIAUCSL,CPI,332.407
1990-01-01,DCOILWTICO,OilWTI,21.7778125
1990-04-01,DCOILWTICO,OilWTI,17.76984126984127
1990-07-01,DCOILWTICO,OilWTI,26.218615384615386
1990-10-01,DCOILWTICO,OilWTI,32.08984615384615
1991-01-01,DCOILWTICO,OilWTI,21.97951612903226
1991-04-01,DCOILWTICO,OilWTI,20.76796875
1991-07-01,DCOILWTICO,OilWTI,21.650153846153845
1991-10-01,DCOILWTICO,OilWTI,21.776153846153846
1992-01-01,DCOILWTICO,OilWTI,18.90328125
1992-04-01,DCOILWTICO,OilWTI,21.21904761904762
1992-07-01,DCOILWTICO,OilWTI,21.671818181818182
1992-10-01,DCOILWTICO,OilWTI,20.48390625
1993-01-01,DCOILWTICO,OilWTI,19.82950819672131
1993-04-01,DCOILWTICO,OilWTI,19.743709677419353
1993-07-01,DCOILWTICO,OilWTI,17.805
1993-10-01,DCOILWTICO,OilWTI,16.425714285714285
1994-01-01,DCOILWTICO,OilWTI,14.826349206349207
1994-04-01,DCOILWTICO,OilWTI,17.8315873015873
1994-07-01,DCOILWTICO,OilWTI,18.47296875
1994-10-01,DCOILWTICO,OilWTI,17.641612903225806
1995-01-01,DCOILWTICO,OilWTI,18.38190476190476
1995-04-01,DCOILWTICO,OilWTI,19.335873015873016
1995-07-01,DCOILWTICO,OilWTI,17.865079365079364
1995-10-01,DCOILWTICO,OilWTI,18.12758064516129
1996-01-01,DCOILWTICO,OilWTI,19.756349206349206
1996-04-01,DCOILWTICO,OilWTI,21.707142857142856
1996-07-01,DCOILWTICO,OilWTI,22.34296875
1996-10-01,DCOILWTICO,OilWTI,24.626875
1997-01-01,DCOILWTICO,OilWTI,22.845081967213115
1997-04-01,DCOILWTICO,OilWTI,19.92125
1997-07-01,DCOILWTICO,OilWTI,19.804375
1997-10-01,DCOILWTICO,OilWTI,19.95698412698413
1998-01-01,DCOILWTICO,OilWTI,15.937049180327868
1998-04-01,DCOILWTICO,OilWTI,14.644285714285715
1998-07-01,DCOILWTICO,OilWTI,14.22453125
1998-10-01,DCOILWTICO,OilWTI,12.933650793650793
1999-01-01,DCOILWTICO,OilWTI,13.173770491803278
1999-04-01,DCOILWTICO,OilWTI,17.654603174603174
1999-07-01,DCOILWTICO,OilWTI,21.71921875
1999-10-01,DCOILWTICO,OilWTI,24.59873015873016
2000-01-01,DCOILWTICO,OilWTI,28.89693548387097
2000-04-01,DCOILWTICO,OilWTI,28.923015873015874
2000-07-01,DCOILWTICO,OilWTI,31.628870967741936
2000-10-01,DCOILWTICO,OilWTI,32.0615873015873
2001-01-01,DCOILWTICO,OilWTI,28.76225806451613
2001-04-01,DCOILWTICO,OilWTI,27.924126984126985
2001-07-01,DCOILWTICO,OilWTI,26.703333333333333
2001-10-01,DCOILWTICO,OilWTI,20.49983870967742
2002-01-01,DCOILWTICO,OilWTI,21.639666666666667
2002-04-01,DCOILWTICO,OilWTI,26.2690625
2002-07-01,DCOILWTICO,OilWTI,28.31793650793651
2002-10-01,DCOILWTICO,OilWTI,28.295396825396825
2003-01-01,DCOILWTICO,OilWTI,34.039508196721314
2003-04-01,DCOILWTICO,OilWTI,28.98047619047619
2003-07-01,DCOILWTICO,OilWTI,30.22171875
2003-10-01,DCOILWTICO,OilWTI,31.168387096774193
2004-01-01,DCOILWTICO,OilWTI,35.34344262295082
2004-04-01,DCOILWTICO,OilWTI,38.31903225806452
2004-07-01,DCOILWTICO,OilWTI,43.8884375
2004-10-01,DCOILWTICO,OilWTI,48.29693548387097
2005-01-01,DCOILWTICO,OilWTI,49.89639344262295
2005-04-01,DCOILWTICO,OilWTI,53.1065625
2005-07-01,DCOILWTICO,OilWTI,63.31078125
2005-10-01,DCOILWTICO,OilWTI,60.02516129032258
2006-01-01,DCOILWTICO,OilWTI,63.26532258064516
2006-04-01,DCOILWTICO,OilWTI,70.45904761904762
2006-07-01,DCOILWTICO,OilWTI,70.48
2006-10-01,DCOILWTICO,OilWTI,59.943225806451615
2007-01-01,DCOILWTICO,OilWTI,58.074999999999996
2007-04-01,DCOILWTICO,OilWTI,64.96523809523809
2007-07-01,DCOILWTICO,OilWTI,75.22285714285714
2007-10-01,DCOILWTICO,OilWTI,90.58328125
2008-01-01,DCOILWTICO,OilWTI,97.85540983606558
2008-04-01,DCOILWTICO,OilWTI,123.775
2008-07-01,DCOILWTICO,OilWTI,118.28984375
2008-10-01,DCOILWTICO,OilWTI,58.680625
2009-01-01,DCOILWTICO,OilWTI,43.13967213114754
2009-04-01,DCOILWTICO,OilWTI,59.607142857142854
2009-07-01,DCOILWTICO,OilWTI,68.1384375
2009-10-01,DCOILWTICO,OilWTI,75.998125
2010-01-01,DCOILWTICO,OilWTI,78.80704918032787
2010-04-01,DCOILWTICO,OilWTI,77.81603174603174
2010-07-01,DCOILWTICO,OilWTI,76.06203125
2010-10-01,DCOILWTICO,OilWTI,85.16046875
2011-01-01,DCOILWTICO,OilWTI,94.06612903225806
2011-04-01,DCOILWTICO,OilWTI,102.02174603174603
2011-07-01,DCOILWTICO,OilWTI,89.49296875
2011-10-01,DCOILWTICO,OilWTI,94.01523809523809
2012-01-01,DCOILWTICO,OilWTI,102.9841935483871
2012-04-01,DCOILWTICO,OilWTI,93.28873015873016
2012-07-01,DCOILWTICO,OilWTI,92.1679365079365
2012-10-01,DCOILWTICO,OilWTI,88.01015625
2013-01-01,DCOILWTICO,OilWTI,94.3255
2013-04-01,DCOILWTICO,OilWTI,94.04890625
2013-07-01,DCOILWTICO,OilWTI,105.83046875
2013-10-01,DCOILWTICO,OilWTI,97.49671875
2014-01-01,DCOILWTICO,OilWTI,98.67819672131148
2014-04-01,DCOILWTICO,OilWTI,103.3468253968254
2014-07-01,DCOILWTICO,OilWTI,97.8696875
2014-10-01,DCOILWTICO,OilWTI,73.21124999999999
2015-01-01,DCOILWTICO,OilWTI,48.485245901639345
2015-04-01,DCOILWTICO,OilWTI,57.85460317460318
2015-07-01,DCOILWTICO,OilWTI,46.48609375
2015-10-01,DCOILWTICO,OilWTI,41.9365625
2016-01-01,DCOILWTICO,OilWTI,33.35180327868852
2016-04-01,DCOILWTICO,OilWTI,45.460625
2016-07-01,DCOILWTICO,OilWTI,44.851875
2016-10-01,DCOILWTICO,OilWTI,49.135555555555555
2017-01-01,DCOILWTICO,OilWTI,51.62129032258065
2017-04-01,DCOILWTICO,OilWTI,48.103809523809524
2017-07-01,DCOILWTICO,OilWTI,48.181774193548385
2017-10-01,DCOILWTICO,OilWTI,55.26587301587302
2018-01-01,DCOILWTICO,OilWTI,62.90573770491803
2018-04-01,DCOILWTICO,OilWTI,68.06546875
2018-07-01,DCOILWTICO,OilWTI,69.68730158730159
2018-10-01,DCOILWTICO,OilWTI,59.9655737704918
2019-01-01,DCOILWTICO,OilWTI,54.82311475409836
2019-04-01,DCOILWTICO,OilWTI,59.880158730158726
2019-07-01,DCOILWTICO,OilWTI,56.336349206349205
2019-10-01,DCOILWTICO,OilWTI,56.84492063492063
2020-01-01,DCOILWTICO,OilWTI,45.33516129032258
2020-04-01,DCOILWTICO,OilWTI,27.960476190476193
2020-07-01,DCOILWTICO,OilWTI,40.89171875
2020-10-01,DCOILWTICO,OilWTI,42.52492063492063
2021-01-01,DCOILWTICO,OilWTI,58.09344262295082
2021-04-01,DCOILWTICO,OilWTI,66.18666666666667
2021-07-01,DCOILWTICO,OilWTI,70.57546875
2021-10-01,DCOILWTICO,OilWTI,77.32730158730159
2022-01-01,DCOILWTICO,OilWTI,95.18032258064517
2022-04-01,DCOILWTICO,OilWTI,108.83435483870967
2022-07-01,DCOILWTICO,OilWTI,93.0640625
2022-10-01,DCOILWTICO,OilWTI,82.78746031746032
2023-01-01,DCOILWTICO,OilWTI,75.93016129032259
2023-04-01,DCOILWTICO,OilWTI,73.53887096774193
2023-07-01,DCOILWTICO,OilWTI,82.25031746031746
2023-10-01,DCOILWTICO,OilWTI,78.52672131147541
2024-01-01,DCOILWTICO,OilWTI,77.5039344262295
2024-04-01,DCOILWTICO,OilWTI,81.80571428571429
2024-07-01,DCOILWTICO,OilWTI,76.4275
2024-10-01,DCOILWTICO,OilWTI,70.72903225806452
2025-01-01,DCOILWTICO,OilWTI,71.78333333333333
2025-04-01,DCOILWTICO,OilWTI,64.56725806451612
2025-07-01,DCOILWTICO,OilWTI,65.77953125
2025-10-01,DCOILWTICO,OilWTI,59.615967741935485
2026-01-01,DCOILWTICO,OilWTI,72.73508196721312
2026-04-01,DCOILWTICO,OilWTI,100.8932142857143
2006-01-01,DTWEXBGS,USDIndex,100.21645384615384
2006-04-01,DTWEXBGS,USDIndex,98.59815846153846
2006-07-01,DTWEXBGS,USDIndex,98.03443384615385
2006-10-01,DTWEXBGS,USDIndex,97.55281692307692
2007-01-01,DTWEXBGS,USDIndex,97.439534375
2007-04-01,DTWEXBGS,USDIndex,94.92673692307693
2007-07-01,DTWEXBGS,USDIndex,93.16536615384615
2007-10-01,DTWEXBGS,USDIndex,89.82536515151516
2008-01-01,DTWEXBGS,USDIndex,88.3274323076923
2008-04-01,DTWEXBGS,USDIndex,86.81096769230768
2008-07-01,DTWEXBGS,USDIndex,88.85020757575758
2008-10-01,DTWEXBGS,USDIndex,99.43158939393939
2009-01-01,DTWEXBGS,USDIndex,102.31441333333333
2009-04-01,DTWEXBGS,USDIndex,98.1208015625
2009-07-01,DTWEXBGS,USDIndex,94.58290625
2009-10-01,DTWEXBGS,USDIndex,92.11604262295081
2010-01-01,DTWEXBGS,USDIndex,93.10724736842106
2010-04-01,DTWEXBGS,USDIndex,94.7188515625
2010-07-01,DTWEXBGS,USDIndex,93.6339390625
2010-10-01,DTWEXBGS,USDIndex,90.64960655737706
2011-01-01,DTWEXBGS,USDIndex,89.28980161290323
2011-04-01,DTWEXBGS,USDIndex,86.93641875
2011-07-01,DTWEXBGS,USDIndex,87.6444734375
2011-10-01,DTWEXBGS,USDIndex,91.37396557377049
2012-01-01,DTWEXBGS,USDIndex,90.69970967741935
2012-04-01,DTWEXBGS,USDIndex,92.3979265625
2012-07-01,DTWEXBGS,USDIndex,92.35402222222223
2012-10-01,DTWEXBGS,USDIndex,91.03736666666667
2013-01-01,DTWEXBGS,USDIndex,91.58443333333334
2013-04-01,DTWEXBGS,USDIndex,92.5994015625
2013-07-01,DTWEXBGS,USDIndex,93.6926765625
2013-10-01,DTWEXBGS,USDIndex,93.11088524590164
2014-01-01,DTWEXBGS,USDIndex,94.51070526315789
2014-04-01,DTWEXBGS,USDIndex,93.833565625
2014-07-01,DTWEXBGS,USDIndex,94.7503140625
2014-10-01,DTWEXBGS,USDIndex,99.3125
2015-01-01,DTWEXBGS,USDIndex,105.47301694915254
2015-04-01,DTWEXBGS,USDIndex,105.997159375
2015-07-01,DTWEXBGS,USDIndex,109.626665625
2015-10-01,DTWEXBGS,USDIndex,111.47422419354838
2016-01-01,DTWEXBGS,USDIndex,113.60903220338983
2016-04-01,DTWEXBGS,USDIndex,110.91595625
2016-07-01,DTWEXBGS,USDIndex,112.0512875
2016-10-01,DTWEXBGS,USDIndex,115.86304262295081
2017-01-01,DTWEXBGS,USDIndex,116.46396229508197
2017-04-01,DTWEXBGS,USDIndex,113.90348125
2017-07-01,DTWEXBGS,USDIndex,109.93858412698413
2017-10-01,DTWEXBGS,USDIndex,110.97474426229508
2018-01-01,DTWEXBGS,USDIndex,107.99646
2018-04-01,DTWEXBGS,USDIndex,110.618409375
2018-07-01,DTWEXBGS,USDIndex,113.64876666666666
2018-10-01,DTWEXBGS,USDIndex,115.69988360655738
2019-01-01,DTWEXBGS,USDIndex,114.5548779661017
2019-04-01,DTWEXBGS,USDIndex,115.429475
2019-07-01,DTWEXBGS,USDIndex,116.4749046875
2019-10-01,DTWEXBGS,USDIndex,116.41376721311475
2020-01-01,DTWEXBGS,USDIndex,117.75593064516129
2020-04-01,DTWEXBGS,USDIndex,121.8336421875
2020-07-01,DTWEXBGS,USDIndex,117.3474875
2020-10-01,DTWEXBGS,USDIndex,113.91718
2021-01-01,DTWEXBGS,USDIndex,112.36396166666667
2021-04-01,DTWEXBGS,USDIndex,111.826015625
2021-07-01,DTWEXBGS,USDIndex,113.304753125
2021-10-01,DTWEXBGS,USDIndex,114.96657213114754
2022-01-01,DTWEXBGS,USDIndex,115.4901935483871
2022-04-01,DTWEXBGS,USDIndex,118.96356507936508
2022-07-01,DTWEXBGS,USDIndex,123.5284203125
2022-10-01,DTWEXBGS,USDIndex,124.81290819672131
2023-01-01,DTWEXBGS,USDIndex,120.30960806451613
2023-04-01,DTWEXBGS,USDIndex,119.39654761904762
2023-07-01,DTWEXBGS,USDIndex,119.85063333333333
2023-10-01,DTWEXBGS,USDIndex,121.54992295081968
2024-01-01,DTWEXBGS,USDIndex,120.64401290322581
2024-04-01,DTWEXBGS,USDIndex,122.51596031746031
2024-07-01,DTWEXBGS,USDIndex,122.650203125
2024-10-01,DTWEXBGS,USDIndex,125.77585806451613
2025-01-01,DTWEXBGS,USDIndex,127.64460163934426
2025-04-01,DTWEXBGS,USDIndex,122.41503492063492
2025-07-01,DTWEXBGS,USDIndex,120.237221875
2025-10-01,DTWEXBGS,USDIndex,120.74873548387097
2026-01-01,DTWEXBGS,USDIndex,119.06635081967212
2026-04-01,DTWEXBGS,USDIndex,118.885275
1990-01-01,EXPGS,Exports,538.232
1990-04-01,EXPGS,Exports,545.925
1990-07-01,EXPGS,Exports,555.149
1990-10-01,EXPGS,Exports,568.186
1991-01-01,EXPGS,Exports,573.177
1991-04-01,EXPGS,Exports,590.733
1991-07-01,EXPGS,Exports,600.595
1991-10-01,EXPGS,Exports,615.217
1992-01-01,EXPGS,Exports,625.287
1992-04-01,EXPGS,Exports,626.163
1992-07-01,EXPGS,Exports,639.365
1992-10-01,EXPGS,Exports,641.396
1993-01-01,EXPGS,Exports,643.606
1993-04-01,EXPGS,Exports,653.094
1993-07-01,EXPGS,Exports,650.897
1993-10-01,EXPGS,Exports,671.6
1994-01-01,EXPGS,Exports,681.232
1994-04-01,EXPGS,Exports,706.988
1994-07-01,EXPGS,Exports,736.883
1994-10-01,EXPGS,Exports,758.646
1995-01-01,EXPGS,Exports,781.57
1995-04-01,EXPGS,Exports,798.851
1995-07-01,EXPGS,Exports,831.399
1995-10-01,EXPGS,Exports,839.421
1996-01-01,EXPGS,Exports,847.94
1996-04-01,EXPGS,Exports,859.042
1996-07-01,EXPGS,Exports,859.577
1996-10-01,EXPGS,Exports,903.798
1997-01-01,EXPGS,Exports,918.374
1997-04-01,EXPGS,Exports,954.45
1997-07-01,EXPGS,Exports,974.057
1997-10-01,EXPGS,Exports,968.33
1998-01-01,EXPGS,Exports,963.021
1998-04-01,EXPGS,Exports,947.295
1998-07-01,EXPGS,Exports,935.263
1998-10-01,EXPGS,Exports,966.337
1999-01-01,EXPGS,Exports,960.764
1999-04-01,EXPGS,Exports,974.597
1999-07-01,EXPGS,Exports,1005.309
1999-10-01,EXPGS,Exports,1030.971
2000-01-01,EXPGS,Exports,1052.904
2000-04-01,EXPGS,Exports,1093.36
2000-07-01,EXPGS,Exports,1125.002
2000-10-01,EXPGS,Exports,1113.177
2001-01-01,EXPGS,Exports,1096.812
2001-04-01,EXPGS,Exports,1058.013
2001-07-01,EXPGS,Exports,998.902
2001-10-01,EXPGS,Exports,953.52
2002-01-01,EXPGS,Exports,969.157
2002-04-01,EXPGS,Exports,1004.154
2002-07-01,EXPGS,Exports,1015.56
2002-10-01,EXPGS,Exports,1003.046
2003-01-01,EXPGS,Exports,1004.201
2003-04-01,EXPGS,Exports,1007.465
2003-07-01,EXPGS,Exports,1037.31
2003-10-01,EXPGS,Exports,1091.682
2004-01-01,EXPGS,Exports,1133.669
2004-04-01,EXPGS,Exports,1170.152
2004-07-01,EXPGS,Exports,1180.185
2004-10-01,EXPGS,Exports,1221.444
2005-01-01,EXPGS,Exports,1258.408
2005-04-01,EXPGS,Exports,1294.853
2005-07-01,EXPGS,Exports,1302.315
2005-10-01,EXPGS,Exports,1350.743
2006-01-01,EXPGS,Exports,1413.966
2006-04-01,EXPGS,Exports,1459.767
2006-07-01,EXPGS,Exports,1475.417
2006-10-01,EXPGS,Exports,1531.531
2007-01-01,EXPGS,Exports,1577.991
2007-04-01,EXPGS,Exports,1622.764
2007-07-01,EXPGS,Exports,1685.71
2007-10-01,EXPGS,Exports,1750.714
2008-01-01,EXPGS,Exports,1813.321
2008-04-01,EXPGS,Exports,1905.282
2008-07-01,EXPGS,Exports,1922.215
2008-10-01,EXPGS,Exports,1700.304
2009-01-01,EXPGS,Exports,1511.768
2009-04-01,EXPGS,Exports,1521.093
2009-07-01,EXPGS,Exports,1594.725
2009-10-01,EXPGS,Exports,1703.508
2010-01-01,EXPGS,Exports,1759.877
2010-04-01,EXPGS,Exports,1819.741
2010-07-01,EXPGS,Exports,1877.253
2010-10-01,EXPGS,Exports,1972.116
2011-01-01,EXPGS,Exports,2040.407
2011-04-01,EXPGS,Exports,2116.132
2011-07-01,EXPGS,Exports,2156.793
2011-10-01,EXPGS,Exports,2150.123
2012-01-01,EXPGS,Exports,2189.981
2012-04-01,EXPGS,Exports,2215.586
2012-07-01,EXPGS,Exports,2227.734
2012-10-01,EXPGS,Exports,2237.498
2013-01-01,EXPGS,Exports,2255.929
2013-04-01,EXPGS,Exports,2261.403
2013-07-01,EXPGS,Exports,2285.116
2013-10-01,EXPGS,Exports,2349.24
2014-01-01,EXPGS,Exports,2343.602
2014-04-01,EXPGS,Exports,2395.168
2014-07-01,EXPGS,Exports,2399.191
2014-10-01,EXPGS,Exports,2376.218
2015-01-01,EXPGS,Exports,2299.045
2015-04-01,EXPGS,Exports,2300.441
2015-07-01,EXPGS,Exports,2260.724
2015-10-01,EXPGS,Exports,2222.279
2016-01-01,EXPGS,Exports,2181.957
2016-04-01,EXPGS,Exports,2221.936
2016-07-01,EXPGS,Exports,2270
2016-10-01,EXPGS,Exports,2268.339
2017-01-01,EXPGS,Exports,2339.728
2017-04-01,EXPGS,Exports,2349.681
2017-07-01,EXPGS,Exports,2384.524
2017-10-01,EXPGS,Exports,2479.107
2018-01-01,EXPGS,Exports,2517.268
2018-04-01,EXPGS,Exports,2562.172
2018-07-01,EXPGS,Exports,2535.501
2018-10-01,EXPGS,Exports,2537.415
2019-01-01,EXPGS,Exports,2540.244
2019-04-01,EXPGS,Exports,2547.448
2019-07-01,EXPGS,Exports,2532.405
2019-10-01,EXPGS,Exports,2537.466
2020-01-01,EXPGS,Exports,2430.941
2020-04-01,EXPGS,Exports,1829.691
2020-07-01,EXPGS,Exports,2116.753
2020-10-01,EXPGS,Exports,2277.965
2021-01-01,EXPGS,Exports,2393.033
2021-04-01,EXPGS,Exports,2522.815
2021-07-01,EXPGS,Exports,2581.341
2021-10-01,EXPGS,Exports,2777.597
2022-01-01,EXPGS,Exports,2865.226
2022-04-01,EXPGS,Exports,3093.734
2022-07-01,EXPGS,Exports,3129.075
2022-10-01,EXPGS,Exports,3057.684
2023-01-01,EXPGS,Exports,3085.516
2023-04-01,EXPGS,Exports,3016.211
2023-07-01,EXPGS,Exports,3082.082
2023-10-01,EXPGS,Exports,3109.632
2024-01-01,EXPGS,Exports,3164.101
2024-04-01,EXPGS,Exports,3192.632
2024-07-01,EXPGS,Exports,3256.486
2024-10-01,EXPGS,Exports,3248.255
2025-01-01,EXPGS,Exports,3293.661
2025-04-01,EXPGS,Exports,3267.506
2025-07-01,EXPGS,Exports,3366.868
2025-10-01,EXPGS,Exports,3350.605
2026-01-01,EXPGS,Exports,3524.222
1990-01-01,FEDFUNDS,FedFunds,8.25
1990-04-01,FEDFUNDS,FedFunds,8.243333333333332
1990-07-01,FEDFUNDS,FedFunds,8.16
1990-10-01,FEDFUNDS,FedFunds,7.743333333333333
1991-01-01,FEDFUNDS,FedFunds,6.426666666666667
1991-04-01,FEDFUNDS,FedFunds,5.863333333333333
1991-07-01,FEDFUNDS,FedFunds,5.6433333333333335
1991-10-01,FEDFUNDS,FedFunds,4.816666666666666
1992-01-01,FEDFUNDS,FedFunds,4.023333333333333
1992-04-01,FEDFUNDS,FedFunds,3.77
1992-07-01,FEDFUNDS,FedFunds,3.256666666666667
1992-10-01,FEDFUNDS,FedFunds,3.0366666666666666
1993-01-01,FEDFUNDS,FedFunds,3.04
1993-04-01,FEDFUNDS,FedFunds,3
1993-07-01,FEDFUNDS,FedFunds,3.06
1993-10-01,FEDFUNDS,FedFunds,2.99
1994-01-01,FEDFUNDS,FedFunds,3.2133333333333334
1994-04-01,FEDFUNDS,FedFunds,3.94
1994-07-01,FEDFUNDS,FedFunds,4.486666666666666
1994-10-01,FEDFUNDS,FedFunds,5.166666666666667
1995-01-01,FEDFUNDS,FedFunds,5.8100000000000005
1995-04-01,FEDFUNDS,FedFunds,6.02
1995-07-01,FEDFUNDS,FedFunds,5.796666666666667
1995-10-01,FEDFUNDS,FedFunds,5.72
1996-01-01,FEDFUNDS,FedFunds,5.363333333333333
1996-04-01,FEDFUNDS,FedFunds,5.243333333333333
1996-07-01,FEDFUNDS,FedFunds,5.306666666666667
1996-10-01,FEDFUNDS,FedFunds,5.28
1997-01-01,FEDFUNDS,FedFunds,5.276666666666666
1997-04-01,FEDFUNDS,FedFunds,5.523333333333333
1997-07-01,FEDFUNDS,FedFunds,5.533333333333333
1997-10-01,FEDFUNDS,FedFunds,5.506666666666667
1998-01-01,FEDFUNDS,FedFunds,5.52
1998-04-01,FEDFUNDS,FedFunds,5.5
1998-07-01,FEDFUNDS,FedFunds,5.533333333333333
1998-10-01,FEDFUNDS,FedFunds,4.86
1999-01-01,FEDFUNDS,FedFunds,4.733333333333333
1999-04-01,FEDFUNDS,FedFunds,4.746666666666667
1999-07-01,FEDFUNDS,FedFunds,5.093333333333334
1999-10-01,FEDFUNDS,FedFunds,5.306666666666667
2000-01-01,FEDFUNDS,FedFunds,5.676666666666667
2000-04-01,FEDFUNDS,FedFunds,6.273333333333333
2000-07-01,FEDFUNDS,FedFunds,6.52
2000-10-01,FEDFUNDS,FedFunds,6.473333333333334
2001-01-01,FEDFUNDS,FedFunds,5.593333333333334
2001-04-01,FEDFUNDS,FedFunds,4.326666666666666
2001-07-01,FEDFUNDS,FedFunds,3.4966666666666666
2001-10-01,FEDFUNDS,FedFunds,2.1333333333333333
2002-01-01,FEDFUNDS,FedFunds,1.7333333333333334
2002-04-01,FEDFUNDS,FedFunds,1.75
2002-07-01,FEDFUNDS,FedFunds,1.74
2002-10-01,FEDFUNDS,FedFunds,1.4433333333333334
2003-01-01,FEDFUNDS,FedFunds,1.25
2003-04-01,FEDFUNDS,FedFunds,1.2466666666666666
2003-07-01,FEDFUNDS,FedFunds,1.0166666666666666
2003-10-01,FEDFUNDS,FedFunds,0.9966666666666667
2004-01-01,FEDFUNDS,FedFunds,1.0033333333333334
2004-04-01,FEDFUNDS,FedFunds,1.01
2004-07-01,FEDFUNDS,FedFunds,1.4333333333333333
2004-10-01,FEDFUNDS,FedFunds,1.95
2005-01-01,FEDFUNDS,FedFunds,2.4699999999999998
2005-04-01,FEDFUNDS,FedFunds,2.9433333333333334
2005-07-01,FEDFUNDS,FedFunds,3.46
2005-10-01,FEDFUNDS,FedFunds,3.98
2006-01-01,FEDFUNDS,FedFunds,4.456666666666667
2006-04-01,FEDFUNDS,FedFunds,4.906666666666667
2006-07-01,FEDFUNDS,FedFunds,5.246666666666667
2006-10-01,FEDFUNDS,FedFunds,5.246666666666667
2007-01-01,FEDFUNDS,FedFunds,5.256666666666667
2007-04-01,FEDFUNDS,FedFunds,5.25
2007-07-01,FEDFUNDS,FedFunds,5.073333333333333
2007-10-01,FEDFUNDS,FedFunds,4.496666666666667
2008-01-01,FEDFUNDS,FedFunds,3.1766666666666667
2008-04-01,FEDFUNDS,FedFunds,2.0866666666666664
2008-07-01,FEDFUNDS,FedFunds,1.94
2008-10-01,FEDFUNDS,FedFunds,0.5066666666666667
2009-01-01,FEDFUNDS,FedFunds,0.18333333333333332
2009-04-01,FEDFUNDS,FedFunds,0.18
2009-07-01,FEDFUNDS,FedFunds,0.15666666666666668
2009-10-01,FEDFUNDS,FedFunds,0.12
2010-01-01,FEDFUNDS,FedFunds,0.13333333333333333
2010-04-01,FEDFUNDS,FedFunds,0.19333333333333333
2010-07-01,FEDFUNDS,FedFunds,0.18666666666666668
2010-10-01,FEDFUNDS,FedFunds,0.18666666666666668
2011-01-01,FEDFUNDS,FedFunds,0.15666666666666668
2011-04-01,FEDFUNDS,FedFunds,0.09333333333333334
2011-07-01,FEDFUNDS,FedFunds,0.08333333333333334
2011-10-01,FEDFUNDS,FedFunds,0.07333333333333333
2012-01-01,FEDFUNDS,FedFunds,0.10333333333333333
2012-04-01,FEDFUNDS,FedFunds,0.15333333333333335
2012-07-01,FEDFUNDS,FedFunds,0.14333333333333334
2012-10-01,FEDFUNDS,FedFunds,0.16
2013-01-01,FEDFUNDS,FedFunds,0.14333333333333334
2013-04-01,FEDFUNDS,FedFunds,0.11666666666666667
2013-07-01,FEDFUNDS,FedFunds,0.08333333333333333
2013-10-01,FEDFUNDS,FedFunds,0.08666666666666667
2014-01-01,FEDFUNDS,FedFunds,0.07333333333333333
2014-04-01,FEDFUNDS,FedFunds,0.09333333333333334
2014-07-01,FEDFUNDS,FedFunds,0.09
2014-10-01,FEDFUNDS,FedFunds,0.09999999999999999
2015-01-01,FEDFUNDS,FedFunds,0.11
2015-04-01,FEDFUNDS,FedFunds,0.12333333333333334
2015-07-01,FEDFUNDS,FedFunds,0.1366666666666667
2015-10-01,FEDFUNDS,FedFunds,0.16
2016-01-01,FEDFUNDS,FedFunds,0.36
2016-04-01,FEDFUNDS,FedFunds,0.37333333333333335
2016-07-01,FEDFUNDS,FedFunds,0.39666666666666667
2016-10-01,FEDFUNDS,FedFunds,0.45
2017-01-01,FEDFUNDS,FedFunds,0.7000000000000001
2017-04-01,FEDFUNDS,FedFunds,0.9500000000000001
2017-07-01,FEDFUNDS,FedFunds,1.1533333333333333
2017-10-01,FEDFUNDS,FedFunds,1.2033333333333334
2018-01-01,FEDFUNDS,FedFunds,1.4466666666666665
2018-04-01,FEDFUNDS,FedFunds,1.7366666666666666
2018-07-01,FEDFUNDS,FedFunds,1.9233333333333333
2018-10-01,FEDFUNDS,FedFunds,2.22
2019-01-01,FEDFUNDS,FedFunds,2.4033333333333333
2019-04-01,FEDFUNDS,FedFunds,2.3966666666666665
2019-07-01,FEDFUNDS,FedFunds,2.19
2019-10-01,FEDFUNDS,FedFunds,1.6433333333333333
2020-01-01,FEDFUNDS,FedFunds,1.26
2020-04-01,FEDFUNDS,FedFunds,0.060000000000000005
2020-07-01,FEDFUNDS,FedFunds,0.09333333333333334
2020-10-01,FEDFUNDS,FedFunds,0.09
2021-01-01,FEDFUNDS,FedFunds,0.08
2021-04-01,FEDFUNDS,FedFunds,0.07
2021-07-01,FEDFUNDS,FedFunds,0.09
2021-10-01,FEDFUNDS,FedFunds,0.08
2022-01-01,FEDFUNDS,FedFunds,0.12000000000000001
2022-04-01,FEDFUNDS,FedFunds,0.77
2022-07-01,FEDFUNDS,FedFunds,2.19
2022-10-01,FEDFUNDS,FedFunds,3.6533333333333333
2023-01-01,FEDFUNDS,FedFunds,4.516666666666667
2023-04-01,FEDFUNDS,FedFunds,4.99
2023-07-01,FEDFUNDS,FedFunds,5.26
2023-10-01,FEDFUNDS,FedFunds,5.33
2024-01-01,FEDFUNDS,FedFunds,5.33
2024-04-01,FEDFUNDS,FedFunds,5.33
2024-07-01,FEDFUNDS,FedFunds,5.263333333333334
2024-10-01,FEDFUNDS,FedFunds,4.65
2025-01-01,FEDFUNDS,FedFunds,4.33
2025-04-01,FEDFUNDS,FedFunds,4.33
2025-07-01,FEDFUNDS,FedFunds,4.293333333333333
2025-10-01,FEDFUNDS,FedFunds,3.8966666666666665
2026-01-01,FEDFUNDS,FedFunds,3.64
2026-04-01,FEDFUNDS,FedFunds,3.64
1990-01-01,GDPC1,RealGDP,10047.386
1990-04-01,GDPC1,RealGDP,10083.855
1990-07-01,GDPC1,RealGDP,10090.569
1990-10-01,GDPC1,RealGDP,9998.704
1991-01-01,GDPC1,RealGDP,9951.916
1991-04-01,GDPC1,RealGDP,10029.51
1991-07-01,GDPC1,RealGDP,10080.195
1991-10-01,GDPC1,RealGDP,10115.329
1992-01-01,GDPC1,RealGDP,10236.435
1992-04-01,GDPC1,RealGDP,10347.429
1992-07-01,GDPC1,RealGDP,10449.673
1992-10-01,GDPC1,RealGDP,10558.648
1993-01-01,GDPC1,RealGDP,10576.275
1993-04-01,GDPC1,RealGDP,10637.847
1993-07-01,GDPC1,RealGDP,10688.606
1993-10-01,GDPC1,RealGDP,10833.987
1994-01-01,GDPC1,RealGDP,10939.116
1994-04-01,GDPC1,RealGDP,11087.361
1994-07-01,GDPC1,RealGDP,11152.176
1994-10-01,GDPC1,RealGDP,11279.932
1995-01-01,GDPC1,RealGDP,11319.951
1995-04-01,GDPC1,RealGDP,11353.721
1995-07-01,GDPC1,RealGDP,11450.31
1995-10-01,GDPC1,RealGDP,11528.067
1996-01-01,GDPC1,RealGDP,11614.418
1996-04-01,GDPC1,RealGDP,11808.14
1996-07-01,GDPC1,RealGDP,11914.063
1996-10-01,GDPC1,RealGDP,12037.775
1997-01-01,GDPC1,RealGDP,12115.472
1997-04-01,GDPC1,RealGDP,12317.221
1997-07-01,GDPC1,RealGDP,12471.01
1997-10-01,GDPC1,RealGDP,12577.495
1998-01-01,GDPC1,RealGDP,12703.742
1998-04-01,GDPC1,RealGDP,12821.339
1998-07-01,GDPC1,RealGDP,12982.752
1998-10-01,GDPC1,RealGDP,13191.67
1999-01-01,GDPC1,RealGDP,13315.597
1999-04-01,GDPC1,RealGDP,13426.748
1999-07-01,GDPC1,RealGDP,13604.771
1999-10-01,GDPC1,RealGDP,13827.98
2000-01-01,GDPC1,RealGDP,13878.147
2000-04-01,GDPC1,RealGDP,14130.908
2000-07-01,GDPC1,RealGDP,14145.312
2000-10-01,GDPC1,RealGDP,14229.765
2001-01-01,GDPC1,RealGDP,14183.12
2001-04-01,GDPC1,RealGDP,14271.694
2001-07-01,GDPC1,RealGDP,14214.516
2001-10-01,GDPC1,RealGDP,14253.574
2002-01-01,GDPC1,RealGDP,14372.785
2002-04-01,GDPC1,RealGDP,14460.848
2002-07-01,GDPC1,RealGDP,14519.633
2002-10-01,GDPC1,RealGDP,14537.58
2003-01-01,GDPC1,RealGDP,14614.141
2003-04-01,GDPC1,RealGDP,14743.567
2003-07-01,GDPC1,RealGDP,14988.782
2003-10-01,GDPC1,RealGDP,15162.76
2004-01-01,GDPC1,RealGDP,15248.68
2004-04-01,GDPC1,RealGDP,15366.85
2004-07-01,GDPC1,RealGDP,15512.619
2004-10-01,GDPC1,RealGDP,15670.88
2005-01-01,GDPC1,RealGDP,15844.727
2005-04-01,GDPC1,RealGDP,15922.782
2005-07-01,GDPC1,RealGDP,16047.587
2005-10-01,GDPC1,RealGDP,16136.734
2006-01-01,GDPC1,RealGDP,16353.835
2006-04-01,GDPC1,RealGDP,16396.151
2006-07-01,GDPC1,RealGDP,16420.738
2006-10-01,GDPC1,RealGDP,16561.866
2007-01-01,GDPC1,RealGDP,16611.69
2007-04-01,GDPC1,RealGDP,16713.314
2007-07-01,GDPC1,RealGDP,16809.587
2007-10-01,GDPC1,RealGDP,16915.191
2008-01-01,GDPC1,RealGDP,16843.003
2008-04-01,GDPC1,RealGDP,16943.291
2008-07-01,GDPC1,RealGDP,16854.295
2008-10-01,GDPC1,RealGDP,16485.35
2009-01-01,GDPC1,RealGDP,16298.262
2009-04-01,GDPC1,RealGDP,16269.145
2009-07-01,GDPC1,RealGDP,16326.281
2009-10-01,GDPC1,RealGDP,16502.754
2010-01-01,GDPC1,RealGDP,16582.71
2010-04-01,GDPC1,RealGDP,16743.162
2010-07-01,GDPC1,RealGDP,16872.266
2010-10-01,GDPC1,RealGDP,16960.864
2011-01-01,GDPC1,RealGDP,16920.632
2011-04-01,GDPC1,RealGDP,17035.114
2011-07-01,GDPC1,RealGDP,17031.313
2011-10-01,GDPC1,RealGDP,17222.583
2012-01-01,GDPC1,RealGDP,17367.01
2012-04-01,GDPC1,RealGDP,17444.525
2012-07-01,GDPC1,RealGDP,17469.65
2012-10-01,GDPC1,RealGDP,17489.852
2013-01-01,GDPC1,RealGDP,17662.4
2013-04-01,GDPC1,RealGDP,17709.671
2013-07-01,GDPC1,RealGDP,17860.45
2013-10-01,GDPC1,RealGDP,18016.147
2014-01-01,GDPC1,RealGDP,17953.974
2014-04-01,GDPC1,RealGDP,18185.911
2014-07-01,GDPC1,RealGDP,18406.941
2014-10-01,GDPC1,RealGDP,18500.031
2015-01-01,GDPC1,RealGDP,18666.621
2015-04-01,GDPC1,RealGDP,18782.243
2015-07-01,GDPC1,RealGDP,18857.418
2015-10-01,GDPC1,RealGDP,18892.206
2016-01-01,GDPC1,RealGDP,19001.69
2016-04-01,GDPC1,RealGDP,19062.709
2016-07-01,GDPC1,RealGDP,19197.938
2016-10-01,GDPC1,RealGDP,19304.352
2017-01-01,GDPC1,RealGDP,19398.343
2017-04-01,GDPC1,RealGDP,19506.949
2017-07-01,GDPC1,RealGDP,19660.766
2017-10-01,GDPC1,RealGDP,19882.352
2018-01-01,GDPC1,RealGDP,20044.077
2018-04-01,GDPC1,RealGDP,20150.476
2018-07-01,GDPC1,RealGDP,20276.154
2018-10-01,GDPC1,RealGDP,20304.874
2019-01-01,GDPC1,RealGDP,20431.641
2019-04-01,GDPC1,RealGDP,20602.275
2019-07-01,GDPC1,RealGDP,20843.322
2019-10-01,GDPC1,RealGDP,20985.448
2020-01-01,GDPC1,RealGDP,20709.212
2020-04-01,GDPC1,RealGDP,19077.992
2020-07-01,GDPC1,RealGDP,20558.879
2020-10-01,GDPC1,RealGDP,20791.917
2021-01-01,GDPC1,RealGDP,21082.134
2021-04-01,GDPC1,RealGDP,21440.929
2021-07-01,GDPC1,RealGDP,21617.828
2021-10-01,GDPC1,RealGDP,21988.737
2022-01-01,GDPC1,RealGDP,21932.71
2022-04-01,GDPC1,RealGDP,21967.045
2022-07-01,GDPC1,RealGDP,22125.625
2022-10-01,GDPC1,RealGDP,22278.345
2023-01-01,GDPC1,RealGDP,22439.607
2023-04-01,GDPC1,RealGDP,22580.499
2023-07-01,GDPC1,RealGDP,22840.989
2023-10-01,GDPC1,RealGDP,23033.78
2024-01-01,GDPC1,RealGDP,23082.119
2024-04-01,GDPC1,RealGDP,23286.508
2024-07-01,GDPC1,RealGDP,23478.57
2024-10-01,GDPC1,RealGDP,23586.542
2025-01-01,GDPC1,RealGDP,23548.21
2025-04-01,GDPC1,RealGDP,23770.976
2025-07-01,GDPC1,RealGDP,24026.834
2025-10-01,GDPC1,RealGDP,24055.749
2026-01-01,GDPC1,RealGDP,24174.527
1990-01-01,IMPGS,Imports,626.767
1990-04-01,IMPGS,Imports,614.759
1990-07-01,IMPGS,Imports,630.102
1990-10-01,IMPGS,Imports,647.282
1991-01-01,IMPGS,Imports,620.317
1991-04-01,IMPGS,Imports,613.921
1991-07-01,IMPGS,Imports,621.669
1991-10-01,IMPGS,Imports,638.27
1992-01-01,IMPGS,Imports,645.823
1992-04-01,IMPGS,Imports,658.951
1992-07-01,IMPGS,Imports,677.853
1992-10-01,IMPGS,Imports,688.536
1993-01-01,IMPGS,Imports,699.31
1993-04-01,IMPGS,Imports,716.281
1993-07-01,IMPGS,Imports,719.251
1993-10-01,IMPGS,Imports,745.049
1994-01-01,IMPGS,Imports,761.827
1994-04-01,IMPGS,Imports,797.56
1994-07-01,IMPGS,Imports,833.751
1994-10-01,IMPGS,Imports,860.559
1995-01-01,IMPGS,Imports,886.899
1995-04-01,IMPGS,Imports,908.343
1995-07-01,IMPGS,Imports,905.843
1995-10-01,IMPGS,Imports,909.201
1996-01-01,IMPGS,Imports,936.735
1996-04-01,IMPGS,Imports,952.751
1996-07-01,IMPGS,Imports,973.757
1996-10-01,IMPGS,Imports,992.62
1997-01-01,IMPGS,Imports,1027.213
1997-04-01,IMPGS,Imports,1039.651
1997-07-01,IMPGS,Imports,1070.888
1997-10-01,IMPGS,Imports,1085.344
1998-01-01,IMPGS,Imports,1098.236
1998-04-01,IMPGS,Imports,1109.626
1998-07-01,IMPGS,Imports,1109.897
1998-10-01,IMPGS,Imports,1145
1999-01-01,IMPGS,Imports,1173.324
1999-04-01,IMPGS,Imports,1222.126
1999-07-01,IMPGS,Imports,1281.712
1999-10-01,IMPGS,Imports,1332.679
2000-01-01,IMPGS,Imports,1409.487
2000-04-01,IMPGS,Imports,1455.86
2000-07-01,IMPGS,Imports,1518.869
2000-10-01,IMPGS,Imports,1524.52
2001-01-01,IMPGS,Imports,1499.464
2001-04-01,IMPGS,Imports,1422.028
2001-07-01,IMPGS,Imports,1369.536
2001-10-01,IMPGS,Imports,1323.208
2002-01-01,IMPGS,Imports,1356.041
2002-04-01,IMPGS,Imports,1432.413
2002-07-01,IMPGS,Imports,1463.107
2002-10-01,IMPGS,Imports,1499.335
2003-01-01,IMPGS,Imports,1529.463
2003-04-01,IMPGS,Imports,1527.336
2003-07-01,IMPGS,Imports,1556.304
2003-10-01,IMPGS,Imports,1615.376
2004-01-01,IMPGS,Imports,1699.644
2004-04-01,IMPGS,Imports,1787.734
2004-07-01,IMPGS,Imports,1832.856
2004-10-01,IMPGS,Imports,1921.78
2005-01-01,IMPGS,Imports,1955.063
2005-04-01,IMPGS,Imports,2002.063
2005-07-01,IMPGS,Imports,2053.275
2005-10-01,IMPGS,Imports,2155.529
2006-01-01,IMPGS,Imports,2204.784
2006-04-01,IMPGS,Imports,2253.809
2006-07-01,IMPGS,Imports,2298.702
2006-10-01,IMPGS,Imports,2269.198
2007-01-01,IMPGS,Imports,2317.264
2007-04-01,IMPGS,Imports,2368.569
2007-07-01,IMPGS,Imports,2414.664
2007-10-01,IMPGS,Imports,2480.413
2008-01-01,IMPGS,Imports,2584.568
2008-04-01,IMPGS,Imports,2681.686
2008-07-01,IMPGS,Imports,2709.569
2008-10-01,IMPGS,Imports,2328.779
2009-01-01,IMPGS,Imports,1932.761
2009-04-01,IMPGS,Imports,1879.461
2009-07-01,IMPGS,Imports,2018.722
2009-10-01,IMPGS,Imports,2176.763
2010-01-01,IMPGS,Imports,2269.069
2010-04-01,IMPGS,Imports,2362.255
2010-07-01,IMPGS,Imports,2431.195
2010-10-01,IMPGS,Imports,2495.702
2011-01-01,IMPGS,Imports,2608.884
2011-04-01,IMPGS,Imports,2697.224
2011-07-01,IMPGS,Imports,2723.903
2011-10-01,IMPGS,Imports,2751.911
2012-01-01,IMPGS,Imports,2792.253
2012-04-01,IMPGS,Imports,2780.827
2012-07-01,IMPGS,Imports,2750.817
2012-10-01,IMPGS,Imports,2753.373
2013-01-01,IMPGS,Imports,2755.277
2013-04-01,IMPGS,Imports,2759.783
2013-07-01,IMPGS,Imports,2767.183
2013-10-01,IMPGS,Imports,2783.259
2014-01-01,IMPGS,Imports,2853.69
2014-04-01,IMPGS,Imports,2900.572
2014-07-01,IMPGS,Imports,2888.549
2014-10-01,IMPGS,Imports,2906.969
2015-01-01,IMPGS,Imports,2825.476
2015-04-01,IMPGS,Imports,2809.968
2015-07-01,IMPGS,Imports,2798.806
2015-10-01,IMPGS,Imports,2745.517
2016-01-01,IMPGS,Imports,2693.639
2016-04-01,IMPGS,Imports,2711.306
2016-07-01,IMPGS,Imports,2751.229
2016-10-01,IMPGS,Imports,2799.145
2017-01-01,IMPGS,Imports,2873.148
2017-04-01,IMPGS,Imports,2903.18
2017-07-01,IMPGS,Imports,2916.022
2017-10-01,IMPGS,Imports,3034.004
2018-01-01,IMPGS,Imports,3093.299
2018-04-01,IMPGS,Imports,3105.995
2018-07-01,IMPGS,Imports,3153.747
2018-10-01,IMPGS,Imports,3171.622
2019-01-01,IMPGS,Imports,3132.539
2019-04-01,IMPGS,Imports,3165.41
2019-07-01,IMPGS,Imports,3117.952
2019-10-01,IMPGS,Imports,3050.824
2020-01-01,IMPGS,Imports,2932.536
2020-04-01,IMPGS,Imports,2356.583
2020-07-01,IMPGS,Imports,2804.369
2020-10-01,IMPGS,Imports,3036.076
2021-01-01,IMPGS,Imports,3182.082
2021-04-01,IMPGS,Imports,3348.435
2021-07-01,IMPGS,Imports,3454.82
2021-10-01,IMPGS,Imports,3686.382
2022-01-01,IMPGS,Imports,3914.397
2022-04-01,IMPGS,Imports,4089.904
2022-07-01,IMPGS,Imports,3984.675
2022-10-01,IMPGS,Imports,3908.3
2023-01-01,IMPGS,Imports,3880.433
2023-04-01,IMPGS,Imports,3813.697
2023-07-01,IMPGS,Imports,3847.616
2023-10-01,IMPGS,Imports,3897.676
2024-01-01,IMPGS,Imports,3986.579
2024-04-01,IMPGS,Imports,4087.002
2024-07-01,IMPGS,Imports,4194.811
2024-10-01,IMPGS,Imports,4186.921
2025-01-01,IMPGS,Imports,4558.265
2025-04-01,IMPGS,Imports,4167.305
2025-07-01,IMPGS,Imports,4123.437
2025-10-01,IMPGS,Imports,4135.581
2026-01-01,IMPGS,Imports,4416.654
1990-01-01,INDPRO,IndustrialProduction,62.20616666666667
1990-04-01,INDPRO,IndustrialProduction,62.6333
1990-07-01,INDPRO,IndustrialProduction,62.87606666666667
1990-10-01,INDPRO,IndustrialProduction,61.9028
1991-01-01,INDPRO,IndustrialProduction,60.71796666666667
1991-04-01,INDPRO,IndustrialProduction,61.0384
1991-07-01,INDPRO,IndustrialProduction,61.89326666666666
1991-10-01,INDPRO,IndustrialProduction,62.01926666666667
1992-01-01,INDPRO,IndustrialProduction,61.926766666666666
1992-04-01,INDPRO,IndustrialProduction,63.045766666666665
1992-07-01,INDPRO,IndustrialProduction,63.549733333333336
1992-10-01,INDPRO,IndustrialProduction,64.19746666666667
1993-01-01,INDPRO,IndustrialProduction,64.7863
1993-04-01,INDPRO,IndustrialProduction,64.91473333333333
1993-07-01,INDPRO,IndustrialProduction,65.16786666666667
1993-10-01,INDPRO,IndustrialProduction,66.18209999999999
1994-01-01,INDPRO,IndustrialProduction,66.9881
1994-04-01,INDPRO,IndustrialProduction,68.21563333333333
1994-07-01,INDPRO,IndustrialProduction,69.09746666666666
1994-10-01,INDPRO,IndustrialProduction,70.5131
1995-01-01,INDPRO,IndustrialProduction,71.25923333333333
1995-04-01,INDPRO,IndustrialProduction,71.5003
1995-07-01,INDPRO,IndustrialProduction,72.20383333333334
1995-10-01,INDPRO,IndustrialProduction,72.79833333333333
1996-01-01,INDPRO,IndustrialProduction,73.2909
1996-04-01,INDPRO,IndustrialProduction,74.8777
1996-07-01,INDPRO,IndustrialProduction,75.8706
1996-10-01,INDPRO,IndustrialProduction,76.97046666666667
1997-01-01,INDPRO,IndustrialProduction,78.4405
1997-04-01,INDPRO,IndustrialProduction,79.58906666666667
1997-07-01,INDPRO,IndustrialProduction,81.44913333333334
1997-10-01,INDPRO,IndustrialProduction,83.49873333333333
1998-01-01,INDPRO,IndustrialProduction,84.42269999999999
1998-04-01,INDPRO,IndustrialProduction,84.9798
1998-07-01,INDPRO,IndustrialProduction,85.64956666666667
1998-10-01,INDPRO,IndustrialProduction,86.8785
1999-01-01,INDPRO,IndustrialProduction,87.9162
1999-04-01,INDPRO,IndustrialProduction,88.77896666666668
1999-07-01,INDPRO,IndustrialProduction,89.55186666666667
1999-10-01,INDPRO,IndustrialProduction,91.04939999999999
2000-01-01,INDPRO,IndustrialProduction,91.83743333333334
2000-04-01,INDPRO,IndustrialProduction,92.87833333333333
2000-07-01,INDPRO,IndustrialProduction,92.7787
2000-10-01,INDPRO,IndustrialProduction,92.5344
2001-01-01,INDPRO,IndustrialProduction,91.44053333333333
2001-04-01,INDPRO,IndustrialProduction,90.34100000000001
2001-07-01,INDPRO,IndustrialProduction,89.08386666666667
2001-10-01,INDPRO,IndustrialProduction,88.13586666666667
2002-01-01,INDPRO,IndustrialProduction,88.738
2002-04-01,INDPRO,IndustrialProduction,90.09136666666667
2002-07-01,INDPRO,IndustrialProduction,90.6354
2002-10-01,INDPRO,IndustrialProduction,90.63353333333333
2003-01-01,INDPRO,IndustrialProduction,91.22833333333332
2003-04-01,INDPRO,IndustrialProduction,90.5838
2003-07-01,INDPRO,IndustrialProduction,91.18136666666666
2003-10-01,INDPRO,IndustrialProduction,92.03723333333333
2004-01-01,INDPRO,IndustrialProduction,92.64823333333334
2004-04-01,INDPRO,IndustrialProduction,93.1341
2004-07-01,INDPRO,IndustrialProduction,93.64643333333333
2004-10-01,INDPRO,IndustrialProduction,94.95476666666667
2005-01-01,INDPRO,IndustrialProduction,96.3006
2005-04-01,INDPRO,IndustrialProduction,96.85623333333334
2005-07-01,INDPRO,IndustrialProduction,96.45046666666667
2005-10-01,INDPRO,IndustrialProduction,97.34793333333333
2006-01-01,INDPRO,IndustrialProduction,98.30133333333333
2006-04-01,INDPRO,IndustrialProduction,98.8828
2006-07-01,INDPRO,IndustrialProduction,99.28359999999999
2006-10-01,INDPRO,IndustrialProduction,99.51353333333334
2007-01-01,INDPRO,IndustrialProduction,100.52153333333334
2007-04-01,INDPRO,IndustrialProduction,101.71776666666666
2007-07-01,INDPRO,IndustrialProduction,101.8732
2007-10-01,INDPRO,IndustrialProduction,102.17546666666667
2008-01-01,INDPRO,IndustrialProduction,101.87406666666666
2008-04-01,INDPRO,IndustrialProduction,100.39313333333334
2008-07-01,INDPRO,IndustrialProduction,97.1922
2008-10-01,INDPRO,IndustrialProduction,93.00970000000001
2009-01-01,INDPRO,IndustrialProduction,87.75126666666667
2009-04-01,INDPRO,IndustrialProduction,85.24893333333334
2009-07-01,INDPRO,IndustrialProduction,86.58386666666667
2009-10-01,INDPRO,IndustrialProduction,88.01443333333333
2010-01-01,INDPRO,IndustrialProduction,89.7711
2010-04-01,INDPRO,IndustrialProduction,91.47163333333333
2010-07-01,INDPRO,IndustrialProduction,92.65876666666666
2010-10-01,INDPRO,IndustrialProduction,93.04663333333333
2011-01-01,INDPRO,IndustrialProduction,93.5568
2011-04-01,INDPRO,IndustrialProduction,93.94496666666667
2011-07-01,INDPRO,IndustrialProduction,95.03566666666667
2011-10-01,INDPRO,IndustrialProduction,96.02080000000001
2012-01-01,INDPRO,IndustrialProduction,96.97176666666667
2012-04-01,INDPRO,IndustrialProduction,97.5877
2012-07-01,INDPRO,IndustrialProduction,97.56826666666667
2012-10-01,INDPRO,IndustrialProduction,98.0357
2013-01-01,INDPRO,IndustrialProduction,98.77346666666666
2013-04-01,INDPRO,IndustrialProduction,99.2267
2013-07-01,INDPRO,IndustrialProduction,99.63223333333333
2013-10-01,INDPRO,IndustrialProduction,100.3051
2014-01-01,INDPRO,IndustrialProduction,100.99029999999999
2014-04-01,INDPRO,IndustrialProduction,102.37046666666667
2014-07-01,INDPRO,IndustrialProduction,102.93203333333334
2014-10-01,INDPRO,IndustrialProduction,103.4978
2015-01-01,INDPRO,IndustrialProduction,102.33846666666668
2015-04-01,INDPRO,IndustrialProduction,100.9316
2015-07-01,INDPRO,IndustrialProduction,101.00473333333333
2015-10-01,INDPRO,IndustrialProduction,99.613
2016-01-01,INDPRO,IndustrialProduction,98.9716
2016-04-01,INDPRO,IndustrialProduction,98.64793333333334
2016-07-01,INDPRO,IndustrialProduction,98.86496666666666
2016-10-01,INDPRO,IndustrialProduction,98.71053333333333
2017-01-01,INDPRO,IndustrialProduction,98.71313333333333
2017-04-01,INDPRO,IndustrialProduction,100.1701
2017-07-01,INDPRO,IndustrialProduction,99.8649
2017-10-01,INDPRO,IndustrialProduction,101.25183333333334
2018-01-01,INDPRO,IndustrialProduction,101.79256666666667
2018-04-01,INDPRO,IndustrialProduction,102.97776666666667
2018-07-01,INDPRO,IndustrialProduction,103.83256666666666
2018-10-01,INDPRO,IndustrialProduction,104.0491
2019-01-01,INDPRO,IndustrialProduction,103.0383
2019-04-01,INDPRO,IndustrialProduction,102.36783333333334
2019-07-01,INDPRO,IndustrialProduction,102.2905
2019-10-01,INDPRO,IndustrialProduction,101.68853333333334
2020-01-01,INDPRO,IndustrialProduction,99.93836666666667
2020-04-01,INDPRO,IndustrialProduction,87.3719
2020-07-01,INDPRO,IndustrialProduction,95.64913333333332
2020-10-01,INDPRO,IndustrialProduction,97.39466666666667
2021-01-01,INDPRO,IndustrialProduction,97.62756666666667
2021-04-01,INDPRO,IndustrialProduction,99.26356666666666
2021-07-01,INDPRO,IndustrialProduction,99.71783333333333
2021-10-01,INDPRO,IndustrialProduction,100.54136666666666
2022-01-01,INDPRO,IndustrialProduction,100.79423333333332
2022-04-01,INDPRO,IndustrialProduction,101.26383333333334
2022-07-01,INDPRO,IndustrialProduction,101.2037
2022-10-01,INDPRO,IndustrialProduction,100.65816666666667
2023-01-01,INDPRO,IndustrialProduction,100.72236666666666
2023-04-01,INDPRO,IndustrialProduction,100.76706666666666
2023-07-01,INDPRO,IndustrialProduction,100.92236666666666
2023-10-01,INDPRO,IndustrialProduction,100.6453
2024-01-01,INDPRO,IndustrialProduction,99.98826666666666
2024-04-01,INDPRO,IndustrialProduction,100.6668
2024-07-01,INDPRO,IndustrialProduction,100.07166666666667
2024-10-01,INDPRO,IndustrialProduction,99.69643333333333
2025-01-01,INDPRO,IndustrialProduction,100.7348
2025-04-01,INDPRO,IndustrialProduction,101.19063333333334
2025-07-01,INDPRO,IndustrialProduction,101.72890000000001
2025-10-01,INDPRO,IndustrialProduction,101.25806666666666
2026-01-01,INDPRO,IndustrialProduction,101.79353333333333
2026-04-01,INDPRO,IndustrialProduction,102.4963
1990-01-01,UNRATE,Unemployment,5.3
1990-04-01,UNRATE,Unemployment,5.333333333333334
1990-07-01,UNRATE,Unemployment,5.7
1990-10-01,UNRATE,Unemployment,6.133333333333334
1991-01-01,UNRATE,Unemployment,6.6
1991-04-01,UNRATE,Unemployment,6.833333333333334
1991-07-01,UNRATE,Unemployment,6.866666666666667
1991-10-01,UNRATE,Unemployment,7.1
1992-01-01,UNRATE,Unemployment,7.366666666666667
1992-04-01,UNRATE,Unemployment,7.6
1992-07-01,UNRATE,Unemployment,7.633333333333333
1992-10-01,UNRATE,Unemployment,7.366666666666667
1993-01-01,UNRATE,Unemployment,7.133333333333333
1993-04-01,UNRATE,Unemployment,7.066666666666666
1993-07-01,UNRATE,Unemployment,6.8
1993-10-01,UNRATE,Unemployment,6.633333333333333
1994-01-01,UNRATE,Unemployment,6.566666666666666
1994-04-01,UNRATE,Unemployment,6.2
1994-07-01,UNRATE,Unemployment,6
1994-10-01,UNRATE,Unemployment,5.633333333333333
1995-01-01,UNRATE,Unemployment,5.466666666666667
1995-04-01,UNRATE,Unemployment,5.666666666666666
1995-07-01,UNRATE,Unemployment,5.666666666666667
1995-10-01,UNRATE,Unemployment,5.566666666666666
1996-01-01,UNRATE,Unemployment,5.533333333333333
1996-04-01,UNRATE,Unemployment,5.5
1996-07-01,UNRATE,Unemployment,5.266666666666667
1996-10-01,UNRATE,Unemployment,5.333333333333334
1997-01-01,UNRATE,Unemployment,5.233333333333333
1997-04-01,UNRATE,Unemployment,5
1997-07-01,UNRATE,Unemployment,4.866666666666667
1997-10-01,UNRATE,Unemployment,4.666666666666667
1998-01-01,UNRATE,Unemployment,4.633333333333333
1998-04-01,UNRATE,Unemployment,4.4
1998-07-01,UNRATE,Unemployment,4.533333333333333
1998-10-01,UNRATE,Unemployment,4.433333333333334
1999-01-01,UNRATE,Unemployment,4.3
1999-04-01,UNRATE,Unemployment,4.266666666666667
1999-07-01,UNRATE,Unemployment,4.233333333333333
1999-10-01,UNRATE,Unemployment,4.066666666666666
2000-01-01,UNRATE,Unemployment,4.033333333333333
2000-04-01,UNRATE,Unemployment,3.933333333333333
2000-07-01,UNRATE,Unemployment,4
2000-10-01,UNRATE,Unemployment,3.9
2001-01-01,UNRATE,Unemployment,4.233333333333333
2001-04-01,UNRATE,Unemployment,4.4
2001-07-01,UNRATE,Unemployment,4.833333333333333
2001-10-01,UNRATE,Unemployment,5.5
2002-01-01,UNRATE,Unemployment,5.7
2002-04-01,UNRATE,Unemployment,5.833333333333333
2002-07-01,UNRATE,Unemployment,5.733333333333333
2002-10-01,UNRATE,Unemployment,5.866666666666667
2003-01-01,UNRATE,Unemployment,5.866666666666667
2003-04-01,UNRATE,Unemployment,6.133333333333333
2003-07-01,UNRATE,Unemployment,6.133333333333333
2003-10-01,UNRATE,Unemployment,5.833333333333333
2004-01-01,UNRATE,Unemployment,5.7
2004-04-01,UNRATE,Unemployment,5.6
2004-07-01,UNRATE,Unemployment,5.433333333333334
2004-10-01,UNRATE,Unemployment,5.433333333333334
2005-01-01,UNRATE,Unemployment,5.3
2005-04-01,UNRATE,Unemployment,5.1
2005-07-01,UNRATE,Unemployment,4.966666666666667
2005-10-01,UNRATE,Unemployment,4.966666666666667
2006-01-01,UNRATE,Unemployment,4.733333333333333
2006-04-01,UNRATE,Unemployment,4.633333333333333
2006-07-01,UNRATE,Unemployment,4.633333333333334
2006-10-01,UNRATE,Unemployment,4.433333333333334
2007-01-01,UNRATE,Unemployment,4.5
2007-04-01,UNRATE,Unemployment,4.5
2007-07-01,UNRATE,Unemployment,4.666666666666667
2007-10-01,UNRATE,Unemployment,4.8
2008-01-01,UNRATE,Unemployment,5
2008-04-01,UNRATE,Unemployment,5.333333333333333
2008-07-01,UNRATE,Unemployment,6
2008-10-01,UNRATE,Unemployment,6.866666666666666
2009-01-01,UNRATE,Unemployment,8.266666666666666
2009-04-01,UNRATE,Unemployment,9.3
2009-07-01,UNRATE,Unemployment,9.633333333333333
2009-10-01,UNRATE,Unemployment,9.933333333333334
2010-01-01,UNRATE,Unemployment,9.833333333333334
2010-04-01,UNRATE,Unemployment,9.633333333333333
2010-07-01,UNRATE,Unemployment,9.466666666666667
2010-10-01,UNRATE,Unemployment,9.5
2011-01-01,UNRATE,Unemployment,9.033333333333333
2011-04-01,UNRATE,Unemployment,9.066666666666666
2011-07-01,UNRATE,Unemployment,9
2011-10-01,UNRATE,Unemployment,8.633333333333333
2012-01-01,UNRATE,Unemployment,8.266666666666667
2012-04-01,UNRATE,Unemployment,8.2
2012-07-01,UNRATE,Unemployment,8.033333333333333
2012-10-01,UNRATE,Unemployment,7.8
2013-01-01,UNRATE,Unemployment,7.733333333333333
2013-04-01,UNRATE,Unemployment,7.533333333333333
2013-07-01,UNRATE,Unemployment,7.233333333333333
2013-10-01,UNRATE,Unemployment,6.933333333333334
2014-01-01,UNRATE,Unemployment,6.666666666666667
2014-04-01,UNRATE,Unemployment,6.2
2014-07-01,UNRATE,Unemployment,6.066666666666666
2014-10-01,UNRATE,Unemployment,5.7
2015-01-01,UNRATE,Unemployment,5.533333333333333
2015-04-01,UNRATE,Unemployment,5.433333333333334
2015-07-01,UNRATE,Unemployment,5.1
2015-10-01,UNRATE,Unemployment,5.033333333333333
2016-01-01,UNRATE,Unemployment,4.9
2016-04-01,UNRATE,Unemployment,4.933333333333334
2016-07-01,UNRATE,Unemployment,4.9
2016-10-01,UNRATE,Unemployment,4.766666666666667
2017-01-01,UNRATE,Unemployment,4.566666666666666
2017-04-01,UNRATE,Unemployment,4.366666666666667
2017-07-01,UNRATE,Unemployment,4.333333333333333
2017-10-01,UNRATE,Unemployment,4.166666666666667
2018-01-01,UNRATE,Unemployment,4.033333333333333
2018-04-01,UNRATE,Unemployment,3.933333333333333
2018-07-01,UNRATE,Unemployment,3.7666666666666666
2018-10-01,UNRATE,Unemployment,3.833333333333333
2019-01-01,UNRATE,Unemployment,3.8666666666666667
2019-04-01,UNRATE,Unemployment,3.6333333333333333
2019-07-01,UNRATE,Unemployment,3.6
2019-10-01,UNRATE,Unemployment,3.6
2020-01-01,UNRATE,Unemployment,3.8333333333333335
2020-04-01,UNRATE,Unemployment,13
2020-07-01,UNRATE,Unemployment,8.8
2020-10-01,UNRATE,Unemployment,6.766666666666667
2021-01-01,UNRATE,Unemployment,6.233333333333333
2021-04-01,UNRATE,Unemployment,5.933333333333334
2021-07-01,UNRATE,Unemployment,5.066666666666666
2021-10-01,UNRATE,Unemployment,4.166666666666666
2022-01-01,UNRATE,Unemployment,3.8666666666666667
2022-04-01,UNRATE,Unemployment,3.6333333333333333
2022-07-01,UNRATE,Unemployment,3.533333333333333
2022-10-01,UNRATE,Unemployment,3.566666666666667
2023-01-01,UNRATE,Unemployment,3.533333333333333
2023-04-01,UNRATE,Unemployment,3.533333333333333
2023-07-01,UNRATE,Unemployment,3.6333333333333333
2023-10-01,UNRATE,Unemployment,3.8
2024-01-01,UNRATE,Unemployment,3.8333333333333335
2024-04-01,UNRATE,Unemployment,3.9666666666666663
2024-07-01,UNRATE,Unemployment,4.166666666666667
2024-10-01,UNRATE,Unemployment,4.133333333333333
2025-01-01,UNRATE,Unemployment,4.133333333333334
2025-04-01,UNRATE,Unemployment,4.2
2025-07-01,UNRATE,Unemployment,4.333333333333333
2025-10-01,UNRATE,Unemployment,4.45
2026-01-01,UNRATE,Unemployment,4.333333333333333
2026-04-01,UNRATE,Unemployment,4.3
