date,CPI,OilWTI,USDIndex,Exports,FedFunds,RealGDP,Imports,IndustrialProduction,Unemployment,CPI_yoy,CPI_qoq,OilWTI_yoy,OilWTI_qoq,USDIndex_yoy,USDIndex_qoq,Exports_yoy,Exports_qoq,FedFunds_yoy,FedFunds_qoq,RealGDP_yoy,RealGDP_qoq,Imports_yoy,Imports_qoq,IndustrialProduction_yoy,IndustrialProduction_qoq,Unemployment_yoy,Unemployment_qoq,NetExports,TradeBalanceRatio,OilWTI_log,OilWTI_change
1990-01-01,128.03333333333333,21.7778125,NA,538.232,8.25,10047.386,626.767,62.20616666666667,5.3,NA,NA,NA,NA,NA,NA,NA,NA,NA,NA,NA,NA,NA,NA,NA,NA,NA,NA,-88.53500000000008,-0.07599577338693002,3.080891676280782,NA
1990-04-01,129.3,17.76984126984127,NA,545.925,8.243333333333332,10083.855,614.759,62.6333,5.333333333333334,NA,0.009893256964332409,NA,-0.18403920183254086,NA,NA,NA,0.014293092941333851,NA,-8.080808080809243e-4,NA,0.0036297003021481533,NA,-0.01915863470795376,NA,0.006866414637348273,NA,0.00628930817610085,-68.83400000000006,-0.05930468585764951,2.8775027096472767,-4.007971230158731
1990-07-01,131.53333333333333,26.218615384615386,NA,555.149,8.16,10090.569,630.102,62.87606666666667,5.7,NA,0.01727249291054389,NA,0.47545580101006646,NA,NA,NA,0.0168960937857765,NA,-0.010109179134654145,NA,6.658167932800385e-4,NA,0.024957747670225183,NA,0.003875999934007446,NA,0.06874999999999987,-74.95299999999997,-0.06323808206025557,3.2664696693368884,8.448774114774118
1990-10-01,133.76666666666665,32.08984615384615,NA,568.186,7.743333333333333,9998.704,647.282,61.9028,6.133333333333334,NA,0.01697921946274694,NA,0.22393367014628462,NA,NA,NA,0.023483785434180726,NA,-0.051062091503268014,NA,-0.00910404556967992,NA,0.027265426867396192,NA,-0.015479127723214248,NA,0.07602339181286544,-79.096,-0.06507452273527563,3.468539660901677,5.871230769230767
1991-01-01,134.76666666666668,21.97951612903226,NA,573.177,6.426666666666667,9951.916,620.317,60.71796666666667,6.6,0.05259047123145022,0.007475703962123381,0.009261886566075406,-0.31506321271665283,NA,NA,0.06492553397048129,0.008784095349058108,-0.221010101010101,-0.1700387430047352,-0.009501973946258402,-0.004679406451076118,-0.010290905551823992,-0.041658813314753074,-0.02392367316209265,-0.019140221982419714,0.24528301886792447,0.07608695652173902,-47.139999999999986,-0.03949747547955832,3.0901109345854016,-10.110330024813894
1991-04-01,135.56666666666666,20.76796875,NA,590.733,5.863333333333333,10029.51,613.921,61.0384,6.833333333333334,0.04846609951018288,0.005936186000494503,0.1687199921840108,-0.05512165836225813,NA,NA,0.08207720840774835,0.03062928205423443,-0.2887181560857257,-0.08765560165975106,-0.0053893079581170955,0.007796890568610104,-0.0013631357979305703,-0.01031085719075886,-0.025464090188445976,0.005277405534550805,0.28125,0.03535353535353547,-23.188000000000102,-0.019248680533995737,3.0334118358017492,-1.2115473790322575
1991-07-01,136.6,21.650153846153845,NA,600.595,5.6433333333333335,10080.195,621.669,61.89326666666666,6.866666666666667,0.03852002027369483,0.00762232603884927,-0.17424495807441576,0.04247815984188841,NA,NA,0.08186270712907717,0.016694513426539714,-0.3084150326797386,-0.03752131893121091,-0.00102808870342197,0.005053586865160886,-0.01338354742565484,0.01262051632050376,-0.015630748742764933,0.014005391141751034,0.20467836257309946,0.004878048780487809,-21.073999999999955,-0.017241774281169988,3.075012560481165,0.8821850961538438
1991-10-01,137.73333333333332,21.776153846153846,NA,615.217,4.816666666666666,10115.329,638.27,62.01926666666667,7.1,0.029653625716421717,0.00829673011224985,-0.3214004909293138,0.0058198200758923235,NA,NA,0.08277395078372218,0.024345857025116713,-0.3779595350839432,-0.14648552864737163,0.011664011655910578,0.0034854484461859236,-0.013922834251531846,0.026703921218526272,0.00188144424269443,0.0020357626408473717,0.15760869565217384,0.03398058252427183,-23.052999999999997,-0.018391096198045926,3.080815510825091,0.12600000000000122
1992-01-01,138.66666666666666,18.90328125,NA,625.287,4.023333333333333,10236.435,645.823,61.926766666666666,7.366666666666667,0.02893890675241151,0.006776379477250849,-0.13995917202967578,-0.13192745681585372,NA,NA,0.09091432489440443,0.016368208290733266,-0.37396265560165975,-0.16470588235294115,0.02858936912248855,0.011972522099874316,0.04111768660217274,0.011833550065019516,0.019908440060849575,-0.0014914720049361563,0.11616161616161635,0.03755868544600949,-20.535999999999945,-0.016155958178285076,2.939335518108043,-2.8728725961538473
1992-04-01,139.73333333333332,21.21904761904762,NA,626.163,3.77,10347.429,658.951,63.045766666666665,7.6,0.030735185640521134,0.007692307692307665,0.02171993200093847,0.12250605270170323,NA,NA,0.059976334486138594,0.001400956680692289,-0.35702103467879476,-0.06296603148301572,0.03169835814511379,0.010843032755055937,0.07334819952404303,0.020327551047268466,0.032886947670100586,0.018069730751861135,0.11219512195121939,0.03167420814479627,-32.78800000000001,-0.025513689836076808,3.054899250889651,2.315766369047619
1992-07-01,140.8,21.671818181818182,NA,639.365,3.256666666666667,10449.673,677.853,63.549733333333336,7.633333333333333,0.030746705710102518,0.007633587786259666,0.0010006550446839402,0.021337930471682753,NA,NA,0.06455265195347937,0.02108396695429149,-0.42291789722386297,-0.13616268788682573,0.036653854414522735,0.009881101865980568,0.09037606829357747,0.028684985681788122,0.026763277427054755,0.00799366386217848,0.11165048543689315,0.004385964912280604,-38.48799999999994,-0.029219157345253367,3.076012715204328,0.4527705627705636
1992-10-01,142.03333333333333,20.48390625,NA,641.396,3.0366666666666666,10558.648,688.536,64.19746666666667,7.366666666666667,0.031219748305905126,0.008759469696969502,-0.0593423248790137,-0.05481367192415787,NA,NA,0.042552465227716274,0.003176589272168462,-0.3695501730103806,-0.06755373592630509,0.04382645388993267,0.010428555994048683,0.07875350556974325,0.015760054171036986,0.03512134401245204,0.010192542113997893,0.03755868544600949,-0.034934497816593746,-47.139999999999986,-0.0354454212696589,3.0196395168470067,-1.1879119318181814
1993-01-01,143.06666666666666,19.82950819672131,NA,643.606,3.04,10576.275,699.31,64.7863,7.133333333333333,0.03173076923076934,0.007275287491199212,0.048998210124039154,-0.031946936550673266,NA,NA,0.02929694684201012,0.003445609264791205,-0.24440762220381107,0.001097694840834329,0.033199058070509935,0.0016694372234020705,0.08281990576365339,0.0156476930763243,0.04617604772949546,0.009172220710682133,-0.03167420814479649,-0.03167420814479649,-55.70399999999995,-0.04147988407316612,2.9871711412519573,-0.6543980532786904
1993-04-01,144.1,19.743709677419353,NA,653.094,3,10637.847,716.281,64.91473333333333,7.066666666666666,0.03125,0.007222739981360693,-0.06952894249145769,-0.004326810249189239,NA,NA,0.04300956779624476,0.014741938390878895,-0.20424403183023876,-0.013157894736842146,0.02806668207145946,0.0058217094392873925,0.08700191668272739,0.02426820723284373,0.029644602095937778,0.0019824150064648993,-0.07017543859649122,-0.009345794392523366,-63.1869999999999,-0.046142948425376466,2.9828349432702237,-0.08579851930195659
1993-07-01,144.76666666666668,17.805,NA,650.897,3.06,10688.606,719.251,65.16786666666667,6.8,0.028172348484848397,0.004626416840157521,-0.17842610847770457,-0.09819378977379478,NA,NA,0.018036645734439638,-0.00336398741988142,-0.060388945752303025,0.020000000000000018,0.022865117406066116,0.00477154822775705,0.06107223837616704,0.004146417397641544,0.025462472436286188,0.003899474284728477,-0.10917030567685582,-0.037735849056603765,-68.35399999999993,-0.049888041291889576,2.879479316729741,-1.9387096774193537
1993-10-01,145.96666666666667,16.425714285714285,NA,671.6,2.99,10833.987,745.049,66.18209999999999,6.633333333333333,0.027693029805210045,0.00828920101312458,-0.1981161168556762,-0.0774662013078189,NA,NA,0.04709103268495607,0.031806875742244944,-0.015367727771679385,-0.02287581699346397,0.026077107599381977,0.01360149302911906,0.08207704462802234,0.03586786810167797,0.030914511683742152,0.015563396275055652,-0.099547511312217285,-0.02450980392156865,-73.44899999999996,-0.05184699950375849,2.7988480511398315,-1.3792857142857144
1994-01-01,146.7,14.826349206349207,NA,681.232,3.2133333333333334,10939.116,761.827,66.9881,6.566666666666666,0.025396085740913232,0.005023978077186575,-0.2523087784496514,-0.09736959084671726,NA,NA,0.058461232493171256,0.01434187016081001,0.05701754385964919,0.0746934225195095,0.03430706936043171,0.00970362988251705,0.08939812100499078,0.022519324232366023,0.03398558028472087,0.012178519569491009,-0.07943925233644855,-0.01005025125628134,-80.59500000000003,-0.055850107306769876,2.696405949602714,-1.5993650793650787
1994-04-01,147.53333333333333,17.8315873015873,NA,706.988,3.94,11087.361,797.56,68.21563333333333,6.2,0.0238260467268101,0.00568052715291989,-0.0968471683930261,0.20269575830246445,NA,NA,0.0825210459750052,0.03780797143997949,0.31333333333333324,0.22614107883817414,0.04225610689832271,0.013551826308451309,0.11347362278212048,0.04690434967518864,0.05084978140555663,0.018324647711061015,-0.12264150943396224,-0.055837563451776595,-90.57199999999989,-0.06019881053977666,2.880971452118311,3.005238095238095
1994-07-01,148.9,18.47296875,NA,736.883,4.486666666666666,11152.176,833.751,69.09746666666666,6,0.02855169237854005,0.009263443289652118,0.03751579612468414,0.03596883651269822,NA,NA,0.13210385053241902,0.042285017567483374,0.46623093681917194,0.1387478849407784,0.04337048254936149,0.005845845553328566,0.15919338311660325,0.045377150308440806,0.060299656886113606,0.01292714426653907,-0.11764705882352944,-0.032258064516129115,-96.86799999999994,-0.06167445757573053,2.916308514916974,0.6413814484126981
1994-10-01,149.76666666666668,17.641612903225806,NA,758.646,5.166666666666667,11279.932,860.559,70.5131,5.633333333333333,0.026033340945421424,0.005820461159615098,0.0740240939518233,-0.04500391128384251,NA,NA,0.12960988683740315,0.02953386087072163,0.7279821627647713,0.15156017830609225,0.04116167021429895,0.011455701559946796,0.15503678281562694,0.03215348467348167,0.0654406554038025,0.020487485310604736,-0.1507537688442211,-0.06111111111111123,-101.91300000000001,-0.06294014655340122,2.870260480822005,-0.8313558467741942
1995-01-01,150.86666666666667,18.38190476190476,NA,781.57,5.8100000000000005,11319.951,886.899,71.25923333333333,5.466666666666667,0.028402635764599005,0.007344758513242677,0.23981328822559567,0.04196282180886035,NA,NA,0.1472890292881135,0.030216991851272024,0.8080912863070542,0.12451612903225806,0.03481405627292,0.003547805075420518,0.16417375598397022,0.030608011769094334,0.06375958316974684,0.01058148533156733,-0.1675126903553299,-0.029585798816567976,-105.32899999999995,-0.06312913215648594,2.911366743870639,0.7402918586789546
1995-04-01,152.1,19.335873015873016,NA,798.851,6.02,11353.721,908.343,71.5003,5.666666666666666,0.030953456845910443,0.008174988952717621,0.08436072957743979,0.051897138317531066,NA,NA,0.12993572733907777,0.02211062348861903,0.5279187817258881,0.036144578313252795,0.024023751008017014,0.00298322846097121,0.13890240232709772,0.024178626878595955,0.04815123024096635,0.0033829534137563844,-0.08602150537634423,0.03658536585365835,-109.49199999999996,-0.0641356518357023,2.9619620761409444,0.9539682539682559
1995-07-01,152.86666666666667,17.865079365079364,NA,831.399,5.796666666666667,11450.31,905.843,72.20383333333334,5.666666666666667,0.026639802999776085,0.00504054350208194,-0.03290696764268797,-0.07606554147238465,NA,NA,0.12826459560065828,0.040743517877551705,0.29197622585438343,-0.0370985603543742,0.026733258155179795,0.008507255022384363,0.08646706270817073,-0.0027522642878295978,0.04495630327016342,0.009839585754651825,-0.05555555555555547,2.220446049250313e-16,-74.44399999999996,-0.04285183066032249,2.882847933955254,-1.4707936507936523
1995-10-01,153.7,18.12758064516129,NA,839.421,5.72,11528.067,909.201,72.79833333333333,5.566666666666666,0.026263075895837762,0.005451373746183874,0.02754667300554048,0.014693541221822759,NA,NA,0.10647258405105942,0.009648796787102176,0.10709677419354824,-0.013225991949396332,0.021997916299495213,0.006790820510536255,0.05652372469522726,0.0037070441566584567,0.03240863518031878,0.008233634871648077,-0.011834319526627168,-0.01764705882352946,-69.77999999999997,-0.03990570860940785,2.8974345710283003,0.26250128008192775
1996-01-01,155.06666666666666,19.756349206349206,NA,847.94,5.363333333333333,11614.418,936.735,73.2909,5.533333333333333,0.02783915156871397,0.008891780524832082,0.07477160078061607,0.08985030010734918,NA,NA,0.08491881725245332,0.010148661994398456,-0.07687894434882392,-0.062354312354312325,0.026013098466592277,0.007490501226268043,0.05619129122932831,0.03028373263997719,0.0285109251339124,0.006766180544426348,0.012195121951219523,-0.0059880239520957446,-88.79499999999996,-0.04975415691932702,2.983474918486384,1.6287685611879148
1996-04-01,156.4,21.707142857142856,NA,859.042,5.243333333333333,11808.14,952.751,74.8777,5.5,0.02827087442472065,0.008598452278590019,0.12263577855125751,0.098742618406781,NA,NA,0.07534696708147082,0.013092907517041175,-0.1290143964562569,-0.02237414543194538,0.04002379484223728,0.016679441018912833,0.04888902099757475,0.017097685044329403,0.047236165442662514,0.02165070970611649,-0.02941176470588225,-0.0060240963855421326,-93.70899999999995,-0.0517216922683772,3.0776413703074885,1.9507936507936492
1996-07-01,157.29999999999998,22.34296875,NA,859.577,5.306666666666667,11914.063,973.757,75.8706,5.266666666666667,0.029001308329698938,0.0057544757033247684,0.25065040537538885,0.029291090819348664,NA,NA,0.03389227073883894,6.227867787604868e-4,-0.08453133985048877,0.012078830260648488,0.040501348871777365,0.008970337411311258,0.07497325695512358,0.022047733353205645,0.050783545656624796,0.013260289779199796,-0.07058823529411773,-0.042424242424242475,-114.17999999999995,-0.06227997735273549,3.106511674248025,0.6358258928571452
1996-10-01,158.66666666666666,24.626875,NA,903.798,5.28,12037.775,992.62,76.97046666666667,5.333333333333334,0.03231403166341362,0.008688281415554222,0.35853070975433954,0.10222035735515211,NA,NA,0.07669214851665607,0.051445071238527706,-0.07692307692307687,-0.005025125628140614,0.04421452442981133,0.010383695301930063,0.09174978910053988,0.019371362670563608,0.05731083587078456,0.014496612214305316,-0.041916167664670545,0.012658227848101333,-88.822,-0.046836720596408594,3.2038383262914674,2.2839062499999976
1997-01-01,159.63333333333333,22.845081967213115,NA,918.374,5.276666666666666,12115.472,1027.213,78.4405,5.233333333333333,0.029449699054170164,0.006092436974789894,0.1563412717908057,-0.07235156847090352,NA,NA,0.08306483949336041,0.016127497516037925,-0.01615910503418272,-6.313131313132603e-4,0.043140689443069924,0.0064544319859773935,0.09658868303202084,0.03485019443492976,0.07026247460462365,0.019098667281043813,-0.054216867469879526,-0.018750000000000044,-108.83899999999994,-0.05594147164840223,3.128735862980482,-1.781793032786883
1997-04-01,160,19.92125,NA,954.45,5.523333333333333,12317.221,1039.651,79.58906666666667,5,0.023017902813299296,0.002296930465650604,-0.08227212898979919,-0.12798518173011375,NA,NA,0.11106325418314822,0.039282470975877004,0.05340114431023535,0.046746683512318477,0.0431127171595187,0.01665217830555843,0.09120956052525808,0.012108491617610184,0.06292082511437536,0.014642520976621443,-0.09090909090909094,-0.04458598726114649,-85.20100000000002,-0.04272652187627408,2.9917870011917063,-2.923831967213115
1997-07-01,160.8,19.804375,NA,974.057,5.533333333333333,12471.01,1070.888,81.44913333333334,4.866666666666667,0.022250476795931506,0.0050000000000001155,-0.11361935732018602,-0.0058668507247285895,NA,NA,0.13318178592493757,0.020542720938760528,0.04271356783919589,0.0018105009052504784,0.04674702492340366,0.012485689750959317,0.09974870527246527,0.030045659553061377,0.07352694368218171,0.023370881762654117,-0.07594936708860744,-0.026666666666666616,-96.8309999999999,-0.047351395758810096,2.985902872888473,-0.11687500000000028
1997-10-01,161.66666666666666,19.95698412698413,NA,968.33,5.506666666666667,12577.495,1085.344,83.49873333333333,4.666666666666667,0.018907563025210017,0.005389718076285188,-0.18962579998541718,0.00770582898900507,NA,NA,0.07140091038041696,-0.005879532717284475,0.04292929292929282,-0.004819277108433662,0.04483552816031211,0.008538602727445443,0.09341339082428335,0.013499077401184945,0.08481521483997767,0.025164171994463524,-0.125,-0.04109589041095896,-117.01400000000001,-0.05697788451331614,2.9935791636247124,0.1526091269841281
1998-01-01,162,15.937049180327868,NA,963.021,5.52,12703.742,1098.236,84.42269999999999,4.633333333333333,0.014825642096471192,0.0020618556701030855,-0.30238599260880494,-0.2014299816584435,NA,NA,0.048615270031599156,-0.0054826350521001155,0.04611497157296274,0.002421307506053072,0.04855526883310857,0.010037531320823412,0.06914145362256918,0.011878261638706311,0.07626417475666258,0.011065636923833555,-0.1146496815286625,-0.0071428571428573395,-135.21500000000015,-0.06559832180072651,2.768646535794042,-4.01993494665626
1998-04-01,162.53333333333333,14.644285714285715,NA,947.295,5.5,12821.339,1109.626,84.9798,4.4,0.015833333333333366,0.003292181069958877,-0.2648912234781595,-0.08111686494874437,NA,NA,-0.0074964639321075666,-0.016329861965626913,-0.004224502112251116,-0.0036231884057970065,0.040927900863352296,0.009256878799962953,0.06730624026716647,0.010371177051198277,0.06773208380380558,0.00659893606814288,-0.11999999999999988,-0.050359712230215625,-162.33100000000002,-0.07891941401735897,2.684050205739997,-1.2927634660421532
1998-07-01,163.36666666666667,14.22453125,NA,935.263,5.533333333333333,12982.752,1109.897,85.64956666666667,4.533333333333333,0.01596185737976774,0.005127153404429929,-0.28174803547196015,-0.028663362111013613,NA,NA,-0.03982723803637778,-0.012701428805176773,0,0.0060606060606061,0.04103452727565782,0.01258940271371034,0.03642677852399134,2.442264330504429e-4,0.05157124651213807,0.007881480853881406,-0.06849315068493167,0.030303030303030276,-174.6339999999999,-0.08538891822644679,2.654968026921117,-0.41975446428571495
1998-10-01,164.13333333333333,12.933650793650793,NA,966.337,4.86,13191.67,1145,86.8785,4.433333333333334,0.01525773195876301,0.004692919812283147,-0.3519235816716908,-0.09075029845705507,NA,NA,-0.00205818264434654,0.033224878991257034,-0.11743341404358354,-0.12168674698795168,0.04883126568525764,0.01609196570958149,0.05496506176843474,0.03162725910602515,0.040476861525244656,0.014348389386675153,-0.050000000000000044,-0.022058823529411686,-178.663,-0.0846207876809813,2.559832503560707,-1.290880456349207
1999-01-01,164.73333333333332,13.173770491803278,NA,960.764,4.733333333333333,13315.597,1173.324,87.9162,4.3,0.01687242798353905,0.0036555645816409577,-0.1733870967741935,0.018565500335787632,NA,NA,-0.0023436664413339914,-0.005767139207129568,-0.14251207729468596,-0.026063100137174278,0.048163367927339884,0.009394337487217186,0.0683714611431423,0.024737117903930184,0.041381050357309324,0.011944266993559882,-0.07194244604316546,-0.03007518796992492,-212.56000000000006,-0.09960226569850918,2.578227768767468,0.24011969815248513
1999-04-01,165.96666666666667,17.654603174603174,NA,974.597,4.746666666666667,13426.748,1222.126,88.77896666666668,4.266666666666667,0.02112387202625099,0.0074868474301903465,0.20556260093866174,0.3401328940403108,NA,NA,0.02882101140616178,0.01439791665799306,-0.13696969696969685,0.0028169014084507005,0.04721885912228041,0.008347428958686454,0.10138551187517231,0.04159294448933104,0.044706702847814084,0.009813511806318731,-0.030303030303030387,-0.007751937984496138,-247.529,-0.11268102532727158,2.870996552469755,4.480832682799896
1999-07-01,167.2,21.71921875,NA,1005.309,5.093333333333334,13604.771,1281.712,89.55186666666667,4.233333333333333,0.02346459906141596,0.007431211086563527,0.5268846732647166,0.23022978965870666,NA,NA,0.0748944414565742,0.03151251235125896,-0.07951807228915653,0.0730337078651686,0.047911182467322844,0.013258832295057754,0.15480265285877892,0.048756020246684795,0.045561234596633415,0.008705890922361847,-0.06617647058823528,-0.0078125,-276.403,-0.12085721993807667,3.0781975252659746,4.064615575396825
1999-10-01,168.43333333333334,24.59873015873016,NA,1030.971,5.306666666666667,13827.98,1332.679,91.04939999999999,4.066666666666666,0.026198212835093493,0.007376395534290259,0.901916987800987,0.13257895884170146,NA,NA,0.06688556890608566,0.02552647991811474,0.09190672153635115,0.041884816753926524,0.048235742707329665,0.016406670865683814,0.16391179039301318,0.03976478335226652,0.04800842555983342,0.016722525046937387,-0.08270676691729328,-0.03937007874015752,-301.7080000000001,-0.12764495589448527,3.202694822042167,2.87951140873016
2000-01-01,170.1,28.89693548387097,NA,1052.904,5.676666666666667,13878.147,1409.487,91.83743333333334,4.033333333333333,0.03257790368271962,0.009895111814763435,1.1935204884471493,0.17473281333651958,NA,NA,0.09590284398666049,0.0212741192526269,0.1992957746478874,0.06972361809045236,0.04224744861233032,0.0036279340872638066,0.201276885157041,0.05763428402488513,0.04460194291078712,0.008655008526506913,-0.06201550387596899,-0.008196721311475419,-356.5830000000001,-0.1448116891265441,3.363735550875513,4.29820532514081
2000-04-01,171.43333333333334,28.923015873015874,NA,1093.36,6.273333333333333,14130.908,1455.86,92.87833333333333,3.933333333333333,0.03293834103233584,0.00783852635704485,0.6382705171545711,9.025313137256408e-4,NA,NA,0.12185857333851824,0.038423256061331346,0.321629213483146,0.10510863182618913,0.052444568111355006,0.01821287813135264,0.191251965836583,0.03290062270882932,0.04617497612985644,0.011334158220885238,-0.078125,-0.024793388429752095,-362.5,-0.14220035932559766,3.3646376751527427,0.02608038914490507
2000-07-01,173,31.628870967741936,NA,1125.002,6.52,14145.312,1518.869,92.7787,4,0.0346889952153111,0.009138635037915677,0.4562619094087781,0.09355369808618486,NA,NA,0.11906090565189409,0.028940147801273186,0.2801047120418847,0.03931987247608926,0.039731723525519014,0.0010193258635609048,0.1850314267167663,0.043279573585372155,0.03603312195986241,-0.0010727295565883255,-0.055118110236220486,0.016949152542372836,-393.86699999999996,-0.14897360725996084,3.454070341699191,2.7058550947260613
2000-10-01,174.23333333333332,32.0615873015873,NA,1113.177,6.473333333333334,14229.765,1524.52,92.5344,3.9,0.03443498911537701,0.007129094412331227,0.30338383708024663,0.01368105533348607,NA,NA,0.07973648143352219,-0.010511092424724588,0.21984924623115587,-0.007157464212678821,0.029055943095086967,0.005970387927816567,0.14395139414667746,0.0037205315270771866,0.016309827412371858,-0.0026331474788933162,-0.040983606557376984,-0.025000000000000022,-411.3430000000001,-0.15594778323666442,3.467658656298521,0.43271633384536656
2001-01-01,175.9,28.76225806451613,NA,1096.812,5.593333333333334,14183.12,1499.464,91.44053333333333,4.233333333333333,0.034097589653145244,0.009565716472163865,-0.004660612521698471,-0.1029059854721488,NA,NA,0.04170180757220021,-0.0147011661218297,-0.014679976512037562,-0.1359423274974253,0.021975051856706784,-0.0032779880764016722,0.06383670087060023,-0.016435337024112484,-0.00432176712255683,-0.011821189381102326,0.04958677685950419,0.08547008547008561,-402.65200000000004,-0.15508828799403457,3.359064043836012,-3.2993292370711735
2001-04-01,177.13333333333333,27.924126984126985,NA,1058.013,4.326666666666666,14271.694,1422.028,90.34100000000001,4.4,0.03324907641454389,0.0070115595982565004,-0.034536124907389665,-0.02913996107361061,NA,NA,-0.032328784663788634,-0.03537433944924018,-0.3103081827842721,-0.22646007151370695,0.009962983270431103,0.00624502930243831,-0.023238498207245106,-0.051642453570075686,-0.027318893893444662,-0.012024572618415719,0.1186440677966103,0.03937007874015763,-364.0150000000001,-0.1467778153667621,3.3294910815883965,-0.8381310803891431
2001-07-01,177.63333333333333,26.703333333333333,NA,998.902,3.4966666666666666,14214.516,1369.536,89.08386666666667,4.833333333333333,0.026782273603082718,0.002822732404968109,-0.15572916401069525,-0.043718238764907214,NA,NA,-0.11208868962010732,-0.055869823905755345,-0.4637014314928425,-0.19183359013867485,0.004892362925611016,-0.004006391953190747,-0.09831855150114976,-0.03691347849690718,-0.03982415504133319,-0.013915424152193823,0.20833333333333326,0.0984848484848484,-370.634,-0.1564887913468708,3.2847884015589157,-1.2207936507936523
2001-10-01,177.5,20.49983870967742,NA,953.52,2.1333333333333333,14253.574,1323.208,88.13586666666667,5.5,0.018748804285441123,-7.506098705197806e-4,-0.36061061117013016,-0.23231161990972093,NA,NA,-0.1434246305843545,-0.04543188420886135,-0.670442842430484,-0.3898951382268827,0.0016731829373148877,0.0027477544785907693,-0.1320494319523522,-0.03382751530445349,-0.04753403418980762,-0.010641657524220527,0.41025641025641035,0.13793103448275867,-369.6880000000001,-0.1623768847222857,3.020417018292797,-6.203494623655914
2002-01-01,178.06666666666666,21.639666666666667,NA,969.157,1.7333333333333334,14372.785,1356.041,88.738,5.7,0.012317604699639828,0.003192488262910853,-0.24763672524851488,0.05560180122057079,NA,NA,-0.11638731159031801,0.016399236513130466,-0.6901072705601907,-0.1875,0.013372586567694578,0.008363586564324121,-0.09564951209232098,0.02481318129878285,-0.029555091542189937,0.006831876239563384,0.3464566929133859,0.036363636363636376,-386.8839999999999,-0.16638755065160038,3.0745280502860153,1.1398279569892473
2002-04-01,179.46666666666667,26.2690625,NA,1004.154,1.75,14460.848,1432.413,90.09136666666667,5.833333333333333,0.013172751223184065,0.00786222388618496,-0.05927005292118104,0.21393101403287185,NA,NA,-0.05090580172455339,0.03611076430340998,-0.5955315870570108,0.009615384615384581,0.013253787532159889,0.006127065840058066,0.00730295043416862,0.05631983103755722,-0.0027632341166616836,0.015251264020675226,0.3257575757575757,0.023391812865497075,-428.259,-0.17576327677424836,3.2683919159651027,4.629395833333334
2002-07-01,180.43333333333334,28.31793650793651,NA,1015.56,1.74,14519.633,1463.107,90.6354,5.733333333333333,0.015762807280915725,0.005386329866270412,0.06046448038708685,0.07799570342247675,NA,NA,0.016676310589026633,0.011358815480494,-0.5023832221163012,-0.005714285714285672,0.021465169830615416,0.004065114300350947,0.06832314010000462,0.021428177487917255,0.017416546804584154,0.006038684431841634,0.1862068965517243,-0.017142857142857126,-447.547,-0.18055955075853272,3.34349540275053,2.048874007936508
2002-10-01,181.5,28.295396825396825,NA,1003.046,1.4433333333333334,14537.58,1499.335,90.63353333333333,5.866666666666667,0.022535211267605604,0.00591169406983183,0.3802741195246251,-7.959507407386823e-4,NA,NA,0.051940179545263865,-0.01232226554807192,-0.32343749999999993,-0.17049808429118773,0.01992524822195474,0.0012360505255195608,0.13310605739989478,0.024761005175971462,0.02833882233339735,-2.059533765697008e-5,0.06666666666666665,0.023255813953488413,-496.289,-0.1983267136379312,3.3426991350728117,-0.022539682539683525
2003-01-01,183.36666666666667,34.039508196721314,NA,1004.201,1.25,14614.141,1529.463,91.22833333333332,5.866666666666667,0.02976413328341443,0.010284664830119361,0.5730144424615897,0.20300515333889235,NA,NA,0.03615926005796788,0.0011514925536815213,-0.27884615384615385,-0.13394919168591224,0.016792570124718242,0.005266419858050542,0.12788846354940597,0.020094241780522548,0.02806388845064478,0.006562692395676972,0.029239766081871288,0,-525.262,-0.20731320332924966,3.5275218557959063,5.74411137132449
2003-04-01,183.06666666666666,28.98047619047619,NA,1007.465,1.2466666666666666,14743.567,1527.336,90.5838,6.133333333333333,0.020059435364041533,-0.001636066169787398,0.10321699491469061,-0.1486223589661736,NA,NA,0.0032973030033243145,0.0032503452993972726,-0.28761904761904766,-0.002666666666666706,0.019550651524723905,0.00885621672871495,0.06626789899281849,-0.0013906841813107196,0.005465932547735752,-0.007065056543106074,0.05142857142857138,0.04545454545454519,-519.871,-0.20509341758978317,3.366622368450988,-5.0590320062451255
2003-07-01,184.43333333333334,30.22171875,NA,1037.31,1.0166666666666666,14988.782,1556.304,91.18136666666666,6.133333333333333,0.02216885276186953,0.007465404224326289,0.06722884774919713,0.04283030242034869,NA,NA,0.021416755287723133,0.0296238579007706,-0.41570881226053646,-0.18449197860962563,0.032311353875128956,0.01663199956971062,0.063698007049382,0.018966357108062715,0.006023768490751591,0.006596838139564243,0.06976744186046502,0,-518.9940000000001,-0.2001045645188529,3.4085608298136623,1.241242559523812
2003-10-01,185.13333333333333,31.168387096774193,NA,1091.682,0.9966666666666667,15162.76,1615.376,92.03723333333333,5.833333333333333,0.020018365472910915,0.0037954093620096163,0.10153560627213709,0.031324106832083976,NA,NA,0.08836683462174211,0.05241634612603763,-0.30946882217090066,-0.01967213114754085,0.04300440651057458,0.01160721398176312,0.07739497844044196,0.03795659459848455,0.015487645117369997,0.009386420690484787,-0.005681818181818343,-0.048913043478260865,-523.694,-0.19345503494938046,3.4394043470690314,0.9466683467741923
2004-01-01,186.7,35.34344262295082,NA,1133.669,1.0033333333333334,15248.68,1699.644,92.64823333333334,5.7,0.01817851299763662,0.008462369463449804,0.03830650016133608,0.13395160658180894,NA,NA,0.12892638027645864,0.038460833832562935,-0.19733333333333325,0.006688963210702337,0.04341952085996703,0.005666514539569345,0.11126846481412112,0.052166182981547404,0.015564243564682112,0.0066386176319221946,-0.02840909090909094,-0.022857142857142798,-565.9749999999999,-0.19975731590544352,3.565112876492039,4.1750555261766245
2004-04-01,188.16666666666666,38.31903225806452,NA,1170.152,1.01,15366.85,1787.734,93.1341,5.6,0.02785870356882736,0.007855740046420312,0.3222361153146698,0.08419071302299952,NA,NA,0.1614815403016483,0.032181350993985,-0.18983957219251335,0.006644518272425071,0.04227491217016888,0.007749523237421174,0.1704916272516328,0.051828500556587054,0.02815404078875039,0.00524420865013786,-0.08695652173913038,-0.01754385964912286,-617.5819999999999,-0.20879168433130954,3.6459466985578928,2.9755896351136997
2004-07-01,189.36666666666667,43.8884375,NA,1180.185,1.4333333333333333,15512.619,1832.856,93.64643333333333,5.433333333333334,0.02674859931321172,0.006377325066430517,0.4522151391538578,0.14534305575432072,NA,NA,0.1377360673279926,0.008574099775071842,0.4098360655737705,0.4191419141914192,0.03494860356231766,0.009485938887930923,0.17769793048144833,0.02523977280736389,0.027034763316043042,0.005501028445363598,-0.11413043478260854,-0.029761904761904656,-652.671,-0.2166153729736834,3.781650902701887,5.569405241935485
2004-10-01,191.4,48.29693548387097,NA,1221.444,1.95,15670.88,1921.78,94.95476666666667,5.433333333333334,0.033849477853799215,0.010737546206653681,0.5495487570118607,0.10044782259270368,NA,NA,0.11886428465432242,0.03495977325588795,0.9565217391304346,0.36046511627906974,0.03351104943954786,0.010202081286209586,0.18967967829161747,0.048516631966722956,0.031699489735494746,0.01397098946284836,-0.0685714285714285,0,-700.336,-0.2228081740276862,3.8773681111067435,4.408497983870966
2005-01-01,192.36666666666667,49.89639344262295,NA,1258.408,2.4699999999999998,15844.727,1955.063,96.3006,5.3,0.030351722906623912,0.005050505050504972,0.4117581576567175,0.03311717281288229,NA,NA,0.11003123486661437,0.03026254171292342,1.4617940199335542,0.2666666666666666,0.039088432572524257,0.011093633541958248,0.15027794055696364,0.017318839825578358,0.0394218706095133,0.014173415201553796,-0.07017543859649134,-0.024539877300613577,-696.6550000000002,-0.21679206067208953,3.90994872444652,1.5994579587519837
2005-04-01,193.66666666666666,53.1065625,NA,1294.853,2.9433333333333334,15922.782,2002.063,96.85623333333334,5.1,0.029229406554472925,0.006757927568878719,0.3859056288881968,0.06433669521763141,NA,NA,0.10656820652359689,0.028961195415159624,1.9141914191419143,0.19163292847503377,0.036177355801611855,0.004926244548107306,0.11988864115131226,0.0240401460208699,0.0399653116670835,0.005769780596728724,-0.0892857142857143,-0.037735849056603765,-707.21,-0.2145065267055636,3.9723005081822,3.210169057377051
2005-07-01,196.6,63.31078125,NA,1302.315,3.46,16047.587,2053.275,96.45046666666667,4.966666666666667,0.0381975004400632,0.015146299483648873,0.4425389659862007,0.19214609776334135,NA,NA,0.10348377584870172,0.005762816319690334,1.4139534883720928,0.17553793884484703,0.03448598847170792,0.007838140345072908,0.12025985674815698,0.025579614627511793,0.029942766996287062,-0.004189370706480067,-0.0858895705521473,-0.02614379084967311,-750.96,-0.22379372926966642,4.148055634552556,10.204218749999995
2005-10-01,198.43333333333334,60.02516129032258,NA,1350.743,3.98,16136.734,2155.529,97.34793333333333,4.966666666666667,0.0367467781260884,0.00932519498134976,0.242835817406434,-0.05189668954965576,NA,NA,0.1058574932620735,0.03718608785124933,1.0410256410256409,0.1502890173410405,0.029727366937913002,0.0055551653965173475,0.12163150828919034,0.0498004407592747,0.02520322834416233,0.00930494893060807,-0.0858895705521473,0,-804.7860000000001,-0.22952754378439552,4.094763829156145,-3.285619959677419
2006-01-01,199.46666666666667,63.26532258064516,100.21645384615384,1413.966,4.456666666666667,16353.835,2204.784,98.30133333333333,4.733333333333333,0.03690868133772307,0.0052074584243237965,0.2679337766845906,0.05398005137630468,NA,NA,0.12361491662481483,0.04680609116612122,0.8043184885290151,0.1197654941373536,0.032131067957182013,0.013453837684874737,0.12773041073356706,0.022850539241179302,0.02077591763014275,0.009793736418989285,-0.10691823899371067,-0.046979865771812124,-790.8180000000002,-0.21853347150259073,4.147337352508258,3.2401612903225825
2006-04-01,201.26666666666668,70.45904761904762,98.59815846153846,1459.767,4.906666666666667,16396.151,2253.809,98.8828,4.633333333333333,0.039242685025817625,0.009024064171123003,0.32674841492607665,0.11370723715559228,NA,-0.01614800087717816,0.1273611753612185,0.032391867979852496,0.6670441676104193,0.10097232610321627,0.029729038556202125,0.0025875276349554,0.12574329579039234,0.02223573828547387,0.020923451149418293,0.005915145267612498,-0.09150326797385622,-0.021126760563380365,-794.0420000000001,-0.21382139479574408,4.255031656203059,7.193725038402462
2006-07-01,203.16666666666669,70.48,98.03443384615385,1475.417,5.246666666666667,16420.738,2298.702,99.28359999999999,4.633333333333334,0.0334011529331979,0.009440211990725533,0.1132385133851117,2.9736963045068343e-4,NA,-0.005717394971474166,0.13291868710718968,0.010720889018589919,0.5163776493256262,0.06929347826086962,0.02325277937424497,0.001499559256315619,0.11952953208897976,0.0199187242574681,0.029373972270394955,0.004053283280813114,-0.06711409395973145,2.220446049250313e-16,-823.2850000000003,-0.21813965060455176,4.255328981627924,0.020952380952380167
2006-10-01,202.33333333333334,59.943225806451615,97.55281692307692,1531.531,5.246666666666667,16561.866,2269.198,99.51353333333334,4.433333333333334,0.01965395598857711,-0.004101722723543921,-0.0013650189705392002,-0.14950020138405773,NA,-0.00491273223276556,0.13384337360993181,0.03803263755263764,0.3182579564489114,0,0.026345603763438197,0.008594498006118778,0.052733690894439356,-0.012835069530543919,0.022245978171767433,0.002315924617291687,-0.10738255033557043,-0.043165467625899345,-737.6669999999999,-0.19408566093504692,4.093397877698539,-10.53677419354839
2007-01-01,204.317,58.074999999999996,97.439534375,1577.991,5.256666666666667,16611.69,2317.264,100.52153333333334,4.5,0.024316510695187254,0.009803953871499127,-0.08204056138382909,-0.03116658773893588,-0.02770921704550433,-0.0011612432285399432,0.11600349654800768,0.030335657587081233,0.17950635751682875,0.001905972045743276,0.015767249700146868,0.0030083566670564554,0.051016335387049194,0.02118193300011728,0.022585654992811177,0.010129275549121353,-0.04929577464788737,0.015037593984962294,-739.2730000000001,-0.18978808832797855,4.061735278656473,-1.868225806451619
2007-04-01,206.631,64.96523809523809,94.92673692307693,1622.764,5.25,16713.314,2368.569,101.71776666666666,4.5,0.026652865187148045,0.011325538256728551,-0.07797166878429895,0.11864378984482293,-0.03723620801593053,-0.025788274421062574,0.11165960047048595,0.028373419113290277,0.06997282608695632,-0.0012682308180088642,0.01934374720018117,0.006117619579946387,0.05091824551237467,0.02214033446340169,0.02866996754406892,0.011900269461335933,-0.02877697841726612,0,-745.8050000000001,-0.18685612049909145,4.173852328305096,6.890238095238097
2007-07-01,207.939,75.22285714285714,93.16536615384615,1685.71,5.073333333333333,16809.587,2414.664,101.8732,4.666666666666667,0.023489745693191066,0.006330124715071772,0.06729365980217272,0.15789396527080424,-0.04966691295375625,-0.018555054416945715,0.1425312301539159,0.038789374178870295,-0.03303684879288449,-0.03365079365079371,0.023680360773066234,0.005760257959612325,0.050446730372183834,0.019461117662183502,0.026082857591787523,0.0015280844087217638,0.007194244604316502,0.0370370370370372,-728.9540000000002,-0.17777744176506832,4.320455136139716,10.257619047619045
2007-10-01,210.48966666666666,90.58328125,89.82536515151516,1750.714,4.496666666666667,16915.191,2480.413,102.17546666666667,4.8,0.04031136738056018,0.01226641787575522,0.5111512607359652,0.20419889233895483,-0.07921300496791461,-0.03585024285543592,0.1431136555512098,0.03856179295371076,-0.1429479034307497,-0.11366622864651765,0.02133364682457861,0.0062823673181262585,0.09307914073606627,0.027229047188345845,0.02674946054238503,0.002967087189434281,0.08270676691729317,0.02857142857142847,-729.6990000000001,-0.17245972526941403,4.5062696623560425,15.360424107142862
2008-01-01,212.76966666666667,97.85540983606558,88.3274323076923,1813.321,3.1766666666666667,16843.003,2584.568,101.87406666666666,5,0.04137035423712487,0.01083188565076032,0.6849833807329415,0.08028113450643604,-0.09351545166707587,-0.016676056270922723,0.14913266298730465,0.035760838149463625,-0.39568801521876984,-0.29355077835433663,0.013924712055185307,-0.004267643208994754,0.11535327869418421,0.04199099101641557,0.01345516018790005,-0.0029498274863111185,0.11111111111111116,0.04166666666666674,-771.2470000000003,-0.17536754565656393,4.583490979345654,7.272128586065577
2008-04-01,215.53766666666667,123.775,86.81096769230768,1905.282,2.0866666666666664,16943.291,2681.686,100.39313333333334,5.333333333333333,0.04310421314646229,0.013009373203260566,0.9052496939755328,0.26487641518600546,-0.08549508277468543,-0.017168670884736614,0.17409678794944927,0.05071413169538097,-0.6025396825396826,-0.3431269674711438,0.013760107660276244,0.0059542826181293584,0.13219669766850783,0.03757610556193525,-0.013022634852711601,-0.01453690209677172,0.18518518518518512,0.06666666666666665,-776.4040000000002,-0.16926300772100444,4.818465401247487,25.91959016393443
2008-07-01,218.861,118.28984375,88.85020757575758,1922.215,1.94,16854.295,2709.569,97.1922,6,0.052525019356638225,0.01541880537508522,0.5725252701496508,-0.04431554231468393,-0.04631719657456024,0.02349057887106798,0.14029993296593113,0.008887398295895244,-0.6176084099868594,-0.07028753993610215,0.0026596727212868654,-0.005252580505168858,0.12213086375578541,0.010397563323968573,-0.04594927812221461,-0.0318839867534102,0.2857142857142856,0.125,-787.354,-0.169989360471041,4.773137915650525,-5.485156250000003
2008-10-01,213.84866666666667,58.680625,99.43158939393939,1700.304,0.5066666666666667,16485.35,2328.779,93.00970000000001,6.866666666666666,0.015958028026712423,-0.022901902729738577,-0.3521914398524838,-0.503925078098685,0.10694333639747189,0.1190923702587825,-0.028793966347444466,-0.11544546265636246,-0.8873239436619719,-0.738831615120275,-0.025411536884212604,-0.02189026595298116,-0.06113256139199397,-0.14053526594081933,-0.08970613950380768,-0.043033288679544146,0.4305555555555556,0.14444444444444438,-628.4749999999999,-0.15598462478931308,4.072109604206472,-59.609218750000004
2009-01-01,212.37766666666667,43.13967213114754,102.31441333333333,1511.768,0.18333333333333332,16298.262,1932.761,87.75126666666667,8.266666666666666,-0.0018423678813865862,-0.006878696149613561,-0.5591488278121953,-0.26483959345784847,0.1583537600970535,0.02899303890207805,-0.1662987413701159,-0.11088370079703402,-0.9422875131164743,-0.6381578947368421,-0.03234227293078318,-0.011348742974823023,-0.25219185566021096,-0.17005392096029726,-0.13862998172253194,-0.05653639709980085,0.6533333333333331,0.20388349514563098,-420.99299999999994,-0.12222077387068013,3.7644430408196476,-15.540952868852457
2009-04-01,213.507,59.607142857142854,98.1208015625,1521.093,0.18,16269.145,1879.461,85.24893333333334,9.3,-0.009421400435809302,0.005317571056592696,-0.5184234065268201,0.38172452205786533,0.13028116343868934,-0.04098749759890452,-0.2016441660604571,0.0061682744971451875,-0.9137380191693291,-0.018181818181818188,-0.03978837405318725,-0.0017865095063510639,-0.2991494902833516,-0.027577129298449243,-0.15084896244563872,-0.028516207553319184,0.7437500000000001,0.12500000000000022,-358.36799999999994,-0.10538518135574378,4.087775413486631,16.467470725995312
2009-07-01,215.344,68.1384375,94.58290625,1594.725,0.15666666666666668,16326.281,2018.722,86.58386666666667,9.633333333333333,-0.016069560131773075,0.008603933360498583,-0.42397051733361524,0.14312537447573392,0.06452093732425412,-0.03605652681349614,-0.17037116035407074,0.048407296595277094,-0.9192439862542955,-0.12962962962962954,-0.031328157006863644,0.003511923951750484,-0.2549656421371812,0.07409624355067757,-0.10914799061378722,0.015659237965049755,0.6055555555555554,0.03584229390680993,-423.99700000000007,-0.11733865198520971,4.221541481239059,8.53129464285714
2009-10-01,217.03,75.998125,92.11604262295081,1703.508,0.12,16502.754,2176.763,88.01443333333333,9.933333333333334,0.014876563800569231,0.007829333531465865,0.29511444365154604,0.11534880734534014,-0.07357366824344935,-0.026081495323571513,0.0018843689128531516,0.06821426891783866,-0.7631578947368421,-0.23404255319148948,0.001055725234829774,0.010809136508185713,-0.0652771259101873,0.0782876493147644,-0.0537069431109517,0.01652232363535,0.44660194174757284,0.03114186851211076,-473.2549999999999,-0.12196441949544244,4.330708668929364,7.859687500000007
2010-01-01,217.374,78.80704918032787,93.10724736842106,1759.877,0.13333333333333333,16582.71,2269.069,89.7711,9.833333333333334,0.02352570028549761,0.0015850343270515932,0.8267883200583692,0.036960440541498496,-0.08998894354127762,0.010760392188442491,0.16411843616216237,0.03308995320245045,-0.2727272727272727,0.11111111111111116,0.017452658449103264,0.004845009505686004,0.17400392495502537,0.04240516767328373,0.023017711425248333,0.019958847658698486,0.18951612903225823,-0.010067114093959662,-509.192,-0.12638342633532443,4.367002449465976,2.808924180327864
2010-04-01,217.29733333333334,77.81603174603174,94.7188515625,1819.741,0.19333333333333333,16743.162,2362.255,91.47163333333333,9.633333333333333,0.017752735663623787,-3.526947411680581e-4,0.30548165901071833,-0.012575238441277725,-0.034671037596783805,0.017309116525611623,0.1963377650150253,0.034016013619133645,0.07407407407407418,0.44999999999999996,0.0291359502911801,0.009675861183124024,0.256878966895296,0.04106794460635621,0.07299446170978463,0.01894299316075365,0.03584229390680993,-0.02033898305084758,-542.5140000000001,-0.1297260925165878,4.354347473529836,-0.9910174342961255
2010-07-01,217.93433333333334,76.06203125,93.6339390625,1877.253,0.18666666666666668,16872.266,2431.195,92.65876666666666,9.466666666666667,0.012028815910047896,0.0029314671755444888,0.11628669574350026,-0.022540348777437935,-0.010033178563911949,-0.011454029288817225,0.17716408785213744,0.031604497563114675,0.1914893617021276,-0.03448275862068961,0.03344209253779229,0.007710849360473171,0.20432382467719679,0.029183978867649785,0.0701620317256948,0.01297815825598403,-0.01730103806228367,-0.01730103806228367,-553.9420000000002,-0.12857112352290204,4.331549208033604,-1.7540004960317361
2010-10-01,219.699,85.16046875,90.64960655737706,1972.116,0.18666666666666668,16960.864,2495.702,93.04663333333333,9.5,0.012297839008432065,0.00809724030021286,0.1205601289505498,0.11961865007385009,-0.015919442735682576,-0.031872337477235946,0.1576793299473791,0.050532879691762345,0.5555555555555556,0,0.027759609093124693,0.005251102608268665,0.1465198553999678,0.026533042392732797,0.057174713389811505,0.004185968372123927,-0.043624161073825496,0.0035211267605632646,-523.5860000000002,-0.11719053909537054,4.444537344354893,9.098437500000003
2011-01-01,222.04366666666667,94.06612903225806,89.28980161290323,2040.407,0.15666666666666668,16920.632,2608.884,93.5568,9.033333333333333,0.021482176647927842,0.010672177236431102,0.1936258242205473,0.10457505005522938,-0.04100052212275562,-0.015000671223135753,0.1594031855635365,0.03462828758551728,0.17500000000000004,-0.1607142857142857,0.020377971996133448,-0.0023720489710901127,0.1497596591377346,0.045350767038692785,0.04217058719342859,0.005482913764746522,-0.08135593220338988,-0.0491228070175439,-568.4770000000001,-0.12227176143631364,4.543998035272804,8.905660282258054
2011-04-01,224.56833333333333,102.02174603174603,86.93641875,2116.132,0.09333333333333334,17035.114,2697.224,93.94496666666667,9.066666666666666,0.03346106410264271,0.011370135904199108,0.311063334156058,0.0845747250507114,-0.08216350477354328,-0.026356681506649715,0.1628753762211217,0.037112693692973986,-0.5172413793103448,-0.4042553191489362,0.017437088645501975,0.0067658229314366825,0.14180052534548548,0.03386122188644647,0.027039348082046777,0.004148994692707353,-0.05882352941176472,0.0036900369003689537,-581.0920000000001,-0.120724916253857,4.625185986950817,7.955616999487972
2011-07-01,226.03266666666667,89.49296875,87.6444734375,2156.793,0.08333333333333334,17031.313,2723.903,95.03566666666667,9,0.037159511351278596,0.006520658151564884,0.17657873815984892,-0.1228049682451765,-0.06396682319433433,0.00814451179011777,0.14890907086045413,0.01921477488171819,-0.5535714285714286,-0.1071428571428571,0.009426534645672335,-2.2312735917140447e-4,0.12039675961821228,0.009891280813161929,0.025652186895069873,0.011609988684864847,-0.04929577464788737,-0.007352941176470562,-567.1099999999997,-0.11619449357222816,4.494160060742183,-12.52877728174603
2011-10-01,227.04733333333334,94.01523809523809,91.37396557377049,2150.123,0.07333333333333333,17222.583,2751.911,96.02080000000001,8.633333333333333,0.03344727710792195,0.004489026659863393,0.10397746131755614,0.0505321189854715,0.00799075742193045,0.0425525077622837,0.0902619318539073,-0.0030925545474229654,-0.6071428571428572,-0.1200000000000001,0.01543075871606514,0.011230490567579965,0.10266009323228498,0.010282304472662984,0.0319642587820661,0.010365932790145527,-0.09122807017543866,-0.040740740740740744,-601.788,-0.12276291841305059,4.54345687652817,4.522269345238087
2012-01-01,228.326,102.9841935483871,90.69970967741935,2189.981,0.10333333333333333,17367.01,2792.253,96.97176666666667,8.266666666666667,0.028293233613208235,0.005631718496289961,0.09480633048130183,0.09539895483818683,0.015790247475612862,-0.007379081033828894,0.07330596297699454,0.01853754413119635,-0.34042553191489366,0.40909090909090917,0.026380693108862374,0.00838590819971663,0.07028637532370174,0.014659631070917722,0.036501533471288816,0.009903756963768773,-0.08487084870848693,-0.042471042471042275,-602.2719999999999,-0.12088392476146241,4.634575515758067,8.968955453149007
2012-04-01,228.808,93.28873015873016,92.3979265625,2215.586,0.15333333333333335,17444.525,2780.827,97.5877,8.2,0.0188791830252113,0.0021110167041860084,-0.08559955316093515,-0.094145160102666825,0.06282186327694794,0.01872350960240654,0.04699801335644449,0.011691882258338948,0.642857142857143,0.4838709677419357,0.02403335839137921,0.004463347461653111,0.030995942494950413,-0.004092036072662397,0.038775183627009824,0.006351676931395378,-0.09558823529411775,-0.008064516129032473,-565.2410000000004,-0.11312935900214822,4.535699309118305,-9.695463389656936
2012-07-01,229.841,92.1679365079365,92.35402222222223,2227.734,0.14333333333333334,17469.65,2750.817,97.56826666666667,8.033333333333333,0.016848597105433072,0.004514702283137106,0.02989025613184282,-0.01201424490275127,0.05373469198922898,-4.751658604381648e-4,0.032891890876871166,0.005482973804672886,0.72,-0.0652173913043479,0.025737123144880414,0.0014402799732293747,0.009880674899216402,-0.010791753676154703,0.026648942326915837,-1.9913711803154488e-4,-0.1074074074074074,-0.020325203252032464,-523.0830000000001,-0.10506731777981186,4.523612309862332,-1.120793650793658
2012-10-01,231.36933333333334,88.01015625,91.03736666666667,2237.498,0.16,17489.852,2753.373,98.0357,7.8,0.01903567831670938,0.0066495243813478044,-0.06387349505146078,-0.04511091834608327,-0.0036837506721985047,-0.014256613018839848,0.040637210057285156,0.004382929021149007,1.1818181818181817,0.11627906976744184,0.01551852007332477,0.0011564055376036553,5.312671812425229e-4,9.291784949707615e-4,0.020983995134387534,0.0047908336316999645,-0.09652509652509644,-0.02904564315352698,-515.875,-0.10336372148268308,4.47745221975058,-4.157780257936508
2013-01-01,232.29933333333335,94.3255,91.58443333333334,2255.929,0.14333333333333334,17662.4,2755.277,98.77346666666666,7.733333333333333,0.017402018750967363,0.004019547390319733,-0.08407788855790577,0.07175698827372567,0.009754426547345929,0.0060092540755243284,0.030113503267836572,0.008237325798726935,0.3870967741935485,-0.10416666666666663,0.01700868485709428,0.009865606638638447,-0.013242353038925958,6.915154612179286e-4,0.018579634690921942,0.007525489864066426,-0.06451612903225812,-0.008547008547008517,-499.34799999999996,-0.09964627277346011,4.546751566657952,6.315343750000011
2013-04-01,232.045,94.04890625,92.5994015625,2261.403,0.11666666666666667,17709.671,2759.783,99.2267,7.533333333333333,0.01414723261424422,-0.0010948517573591277,0.008148637997070107,-0.0029323327202082083,0.002180514298269598,0.011082322532613764,0.020679404906873478,0.002426494805465751,-0.23913043478260876,-0.18604651162790697,0.015199382041070075,0.0026763633481292626,-0.007567532967710844,0.0016354072566930888,0.016795149388703745,0.0045886142162334664,-0.08130081300812997,-0.025862068965517238,-498.3800000000001,-0.09925543487136308,4.543814926226998,-0.2765937500000035
2013-07-01,233.3,105.83046875,93.6926765625,2285.116,0.08333333333333333,17860.45,2767.183,99.63223333333333,7.233333333333333,0.015049534243237739,0.005408433708979032,0.1482351971814735,0.12527059558441156,0.01449481363201155,0.011806501786753909,0.025758012401839725,0.010485968224151154,-0.4186046511627908,-0.2857142857142858,0.02237022493295515,0.00851393569084391,0.005949505183369119,0.002681370238167391,0.02115407741861408,0.004086937621964104,-0.09958506224066388,-0.03982300884955747,-482.067,-0.09541537426822917,4.661838462369187,11.781562499999993
2013-10-01,234.16266666666667,97.49671875,93.11088524590164,2349.24,0.08666666666666667,18016.147,2783.259,100.3051,6.933333333333334,0.0120730491508525,0.0036976710958707137,0.10778940640728618,-0.0787462259067051,0.02277656587791199,-0.006209570885833959,0.049940603298863184,0.028061595122523153,-0.45833333333333337,0.040000000000000036,0.030091449601746367,0.008717417534272576,0.010854323043045788,0.005809518199555219,0.023148710112744553,0.006753503802484184,-0.11111111111111105,-0.041474654377880116,-434.01900000000023,-0.08456290006096451,4.579818723591345,-8.333749999999995
2014-01-01,235.621,98.67819672131148,94.51070526315789,2343.602,0.07333333333333333,17953.974,2853.69,100.99029999999999,6.666666666666667,0.014299079635757383,0.006227864390566218,0.04614549322623751,0.012118130604384936,0.03195163002400214,0.015033903002418914,0.03886336848367122,-0.002399925082154142,-0.4883720930232558,-0.15384615384615385,0.01650817555938011,-0.0034509598528477126,0.03571800584841389,0.025305226714438023,0.022443611712187117,0.0068311581365254614,-0.13793103448275856,-0.038461538461538436,-510.0880000000002,-0.09814495702762135,4.59186401749045,1.1814779713114802
2014-04-01,236.87233333333333,103.3468253968254,93.833565625,2395.168,0.09333333333333334,18185.911,2900.572,102.37046666666667,6.2,0.020803436115121476,0.005310788653529741,0.09886259731835412,0.047311653745549576,0.013327991776134862,-0.00716468717773755,0.05915133215972568,0.022002882742035768,-0.19999999999999996,0.2727272727272727,0.026891521587272926,0.012918421292132942,0.05101451817045044,0.01642855390739717,0.03168266874406456,0.013666329010476153,-0.17699115044247782,-0.07000000000000006,-505.404,-0.09543595418204066,4.638090568644151,4.668628675513915
2014-07-01,237.47833333333332,97.8696875,94.7503140625,2399.191,0.09,18406.941,2888.549,102.93203333333334,6.066666666666666,0.01790970138591219,0.002558340146661342,-0.07522201634394632,-0.0529976404770498,0.011288368939854854,0.009769941399900839,0.04992087929015421,0.001679631658405567,0.08000000000000007,-0.03571428571428581,0.03059782928201682,0.012153914093167906,0.04385904365558768,-0.004145044494672123,0.03311980359769784,0.005485631598175722,-0.16129032258064524,-0.021505376344086113,-489.3580000000002,-0.09254577570001554,4.583636874421493,-5.477137896825397
2014-10-01,236.88833333333335,73.21124999999999,99.3125,2376.218,0.09999999999999999,18500.031,2906.969,103.4978,5.7,0.011640056484950811,-0.002484437176724752,-0.24909011360959266,-0.2519517342895369,0.06660461596643796,0.04814956005835147,0.011483713881936364,-0.009575311011086662,0.15384615384615374,0.11111111111111116,0.026858351011456394,0.0050573313621204985,0.044447893638356994,0.006376904113449378,0.03182988701471823,0.005496507242157556,-0.17788461538461542,-0.060439560439560336,-530.7510000000002,-0.10046038499110484,4.2933490976829844,-24.658437500000005
2015-01-01,235.35500000000002,48.485245901639345,105.47301694915254,2299.045,0.11,18666.621,2825.476,102.33846666666668,5.533333333333333,-0.0011289316317305564,-0.006472810677323304,-0.5086528988914123,-0.33773503523516746,0.11599015852723693,0.062031636995872,-0.019012187222915755,-0.032477239041199035,0.5,0.10000000000000009,0.03969299498818479,0.009004849775657187,-0.00988684825611752,-0.028033666681688052,0.013349466895995699,-0.011201526344843282,-0.17000000000000004,-0.0292397660818714,-526.431,-0.1027278451976292,3.881259543449111,-24.726004098360647
2015-04-01,236.96,57.85460317460318,105.997159375,2300.441,0.12333333333333334,18782.243,2809.968,100.9316,5.433333333333334,3.701009123058263e-4,0.0068194854581375974,-0.4401898369644516,0.19324140980889704,0.12962945262690995,0.004969445655471638,-0.03954920907426962,6.072086453285941e-4,0.3214285714285714,0.12121212121212133,0.032790878609270546,0.0061940508675886186,-0.03123659747111962,-0.005488632711798003,-0.01405548605489737,-0.013747193137543023,-0.12365591397849462,-0.018072289156626398,-509.52700000000004,-0.09970376147975633,4.05793302134018,9.369357272963832
2015-07-01,237.855,46.48609375,109.626665625,2260.724,0.1366666666666667,18857.418,2798.806,101.00473333333333,5.1,0.0015861096099996086,0.0037770087778528083,-0.5250205151620617,-0.19650138106199444,0.15700582852619505,0.03424154261681123,-0.057714037773565985,-0.017264950502968612,0.5185185185185188,0.10810810810810834,0.024473213664345517,0.004002450612528241,-0.031068539948603924,-0.003972287228893645,-0.01872400590551504,7.245831170152872e-4,-0.15934065934065933,-0.06134969325153383,-538.0819999999999,-0.1063501945832913,3.8391532087264237,-11.368509424603175
2015-10-01,237.837,41.9365625,111.47422419354838,2222.279,0.16,18892.206,2745.517,99.613,5.033333333333333,0.004004699823404678,-7.567635744465395e-5,-0.42718417592924574,-0.09786865023478131,0.12245914858198503,0.016853185837726103,-0.06478319750123929,-0.017005614130694457,0.6000000000000001,0.1707317073170731,0.02119861312664817,0.0018447912646364362,-0.05553963595759026,-0.019039904873721203,-0.037535097364388426,-0.013778892210332017,-0.11695906432748537,-0.013071895424836555,-523.2379999999998,-0.10532598359513953,3.736158059787545,-4.549531250000001
2016-01-01,237.68933333333334,33.35180327868852,113.60903220338983,2181.957,0.36,19001.69,2693.639,98.9716,4.9,0.009918350293528055,-6.20873399288846e-4,-0.31212469569921564,-0.2047082237918637,0.0771383571796338,0.019150687302697644,-0.050928972682135476,-0.0181444364096498,2.2727272727272725,1.25,0.017950168913805964,0.005795194060450148,-0.04666010258094566,-0.0188955304228674,-0.032899326874156976,-0.006438918615040201,-0.11445783132530107,-0.026490066225165476,-511.68200000000024,-0.10494757974204595,3.5071118422248246,-8.58475922131148
2016-04-01,239.59033333333332,45.460625,110.91595625,2221.936,0.37333333333333335,19062.709,2711.306,98.64793333333334,4.933333333333334,0.011100326356065615,0.007997834708611151,-0.21422631034558448,0.363063478760949,0.046404987680831455,-0.023704769780703017,-0.034126065393548344,0.01832254256156296,2.027027027027027,0.0370370370370372,0.01493250832714721,0.003211240684381167,-0.035111431873957266,0.0065587853457720335,-0.022625883931956525,-0.003270298415572248,-0.09202453987730064,0.006802721088435382,-489.3699999999999,-0.09919845813361677,3.8168465666800873,12.108821721311479
2016-07-01,240.60733333333332,44.851875,112.0512875,2270,0.39666666666666667,19197.938,2751.229,98.86496666666666,4.9,0.011571475618899374,0.00424474554482579,-0.0351550026721702,-0.013390708992672251,0.022117081288360207,0.010235959625511493,0.004103110331026727,0.021631586148295856,1.9024390243902434,0.0625,0.018057615310855146,0.007093902550786346,-0.01699903458832097,0.01472463823707093,-0.021184815761109643,0.002200079880031236,-0.039215686274509665,-0.006756756756756688,-481.2289999999998,-0.0958388872525033,3.8033653936510246,-0.6087500000000006
2016-10-01,242.13466666666667,49.135555555555555,115.86304262295081,2268.339,0.45,19304.352,2799.145,98.71053333333333,4.766666666666667,0.018069798503457024,0.006347825364148019,0.1716638805470896,0.09550727936246939,0.03937070171291168,0.03401795024399701,0.020726470438680256,-7.317180616740471e-4,1.8125,0.134453781512605,0.021815663030564147,0.005542991127484687,0.019532933141554132,0.01741621653450154,-0.00905972781330422,-0.0015620632721600192,-0.05298013245033106,-0.027210884353741527,-530.806,-0.10474744468852788,3.8945829184677905,4.283680555555556
2017-01-01,243.83866666666665,51.62129032258065,116.46396229508197,2339.728,0.7000000000000001,19398.343,2873.148,98.71313333333333,4.566666666666666,0.02587130540144833,0.007037406181684025,0.5477810867146171,0.050589328622011376,0.0251294288519337,0.005186465490007119,0.07230710779359995,0.0314719272560231,0.9444444444444446,0.5555555555555556,0.020874616941966906,0.0048689021004175714,0.06664181800159552,0.02643771580250398,-0.0026115235751130728,2.6339640889494476e-5,-0.06802721088435382,-0.04195804195804198,-533.4200000000001,-0.10232739086830381,3.9439341905410314,2.485734767025093
2017-04-01,244.12,48.103809523809524,113.90348125,2349.681,0.9500000000000001,19506.949,2903.18,100.1701,4.366666666666667,0.018905882402044716,0.001153768338628236,0.05814228299345925,-0.06814011770706319,0.026935033524538632,-0.021985178888165757,0.05749265505397094,0.004253913275389376,1.5446428571428572,0.3571428571428572,0.023304137937582903,0.005598725623111145,0.07076810953835522,0.01045264636558918,0.0154302945356517,0.014759603078820405,-0.1148648648648648,-0.04379562043795604,-553.4989999999998,-0.10537095879750098,3.873361374054755,-3.5174807987711247
2017-07-01,245.287,48.181774193548385,109.93858412698413,2384.524,1.1533333333333333,19660.766,2916.022,99.8649,4.333333333333333,0.019449393340740695,0.004780435851220677,0.07424214023490405,0.0016207587405374646,-0.01885478891097858,-0.0348092707922909,0.05045110132158581,0.014828821444272666,1.907563025210084,0.21403508771929824,0.024108214121745908,0.00788524130554702,0.0598979583306225,0.0044234253473778296,0.010114132104092288,-0.0030468173636644114,-0.11564625850340149,-0.007633587786259666,-531.498,-0.10027231156941191,3.87498082078329,0.0779646697388614
2017-10-01,247.23833333333334,55.26587301587302,110.97474426229508,2479.107,1.2033333333333334,19882.352,3034.004,101.25183333333334,4.166666666666667,0.021077802435008675,0.007955306776687543,0.12476336923444697,0.1470286003555512,-0.04219031582455124,0.009424899761435235,0.09291732849455037,0.039665358788588456,1.674074074074074,0.043352601156069426,0.029941434967617697,0.011270466267692791,0.0839038349210206,0.04045991422561279,0.025744972843154912,0.013888096151233542,-0.12587412587412583,-0.038461538461538325,-554.8969999999999,-0.1006504313082033,4.012155593541669,7.084098822324634
2018-01-01,249.32166666666666,62.90573770491803,107.99646,2517.268,1.4466666666666665,20044.077,3093.299,101.79256666666667,4.033333333333333,0.02248617938637021,0.00842641715483694,0.2186006454279048,0.13823837880658751,-0.07270491341886565,-0.026837496063570443,0.07588061518261946,0.015393042736759677,1.0666666666666664,0.2022160664819943,0.03328810094759116,0.008134098018182323,0.07662361980656751,0.01954348115559501,0.0311957814461703,0.005340479431648282,-0.11678832116788318,-0.03200000000000014,-576.031,-0.10266894593719315,4.141637379020207,7.639864689045012
2018-04-01,250.679,68.06546875,110.618409375,2562.172,1.7366666666666666,20150.476,3105.995,102.97776666666667,3.933333333333333,0.02686793380304775,0.005444105004913435,0.41497044462373034,0.08202321812495916,-0.02884083821625949,0.024278104810102175,0.09043397805914921,0.017838386695417485,0.8280701754385962,0.20046082949308763,0.032989628465220244,0.005308251410129694,0.06985960222927967,0.004104355899639867,0.02802898935577236,0.011643286330337732,-0.09923664122137421,-0.024793388429752095,-543.8229999999999,-0.09594336228978433,4.220470017740105,5.159731045081962
2018-07-01,251.68633333333332,69.68730158730159,113.64876666666666,2535.501,1.9233333333333333,20276.154,3153.747,103.83256666666666,3.7666666666666666,0.02608916629635205,0.004018419306496934,0.4463415420811305,0.023827542321914752,0.03374777444283894,0.027394692337273208,0.06331536189193332,-0.010409527541476504,0.6676300578034682,0.10748560460652601,0.03130030640718684,0.0062369742531143135,0.08152373336003627,0.015374139365968098,0.039730342359193926,0.00830082092153872,-0.13076923076923075,-0.0423728813559322,-618.2459999999996,-0.10866919494456907,4.24401811447265,1.6218328373015964
2018-10-01,252.71099999999998,59.9655737704918,115.69988360655738,2537.415,2.22,20304.874,3171.622,104.0491,3.833333333333333,0.022135186695698472,0.004071205031659808,0.085038026148053,-0.13950501160718332,0.042578510774434974,0.018047859207365402,0.023519759332695234,7.54880396418578e-4,0.844875346260388,0.1542461005199307,0.02125110751484538,0.001416442191157108,0.045358542704623916,0.005667861118853201,0.027626824864076527,0.0020854086563077967,-0.08000000000000018,0.017699115044247815,-634.2069999999999,-0.11108826234617149,4.0937706270610175,-9.72172781680979
2019-01-01,253.38566666666665,54.82311475409836,114.5548779661017,2540.244,2.4033333333333333,20431.641,3132.539,103.0383,3.8666666666666667,0.016300227951842716,0.0026697162635052063,-0.12848784937129454,-0.08575685502610786,0.060728082810322714,-0.009896342198141839,0.009127355529884085,0.0011149141941702023,0.6612903225806452,0.08258258258258255,0.019335587266003706,0.006243180824466066,0.012685485625540949,-0.012322716893753305,0.012237959746242089,-0.00971464433618352,-0.04132231404958675,0.008695652173913215,-592.2950000000001,-0.10440995187018436,4.0041119071025655,-5.142459016393438
2019-04-01,255.24733333333333,59.880158730158726,115.429475,2547.448,2.3966666666666665,20602.275,3165.41,102.36783333333334,3.6333333333333333,0.018223837390979325,0.007347166440616837,-0.12025642620497301,0.09224291612658364,0.04349244987505041,0.007634742836154951,-0.005746686795422118,0.002835948042786418,0.3800383877159308,-0.002773925104022301,0.022421256946982382,0.0083514584070854,0.01912913575198938,0.010493404870617562,-0.005922961364152046,-0.006506965532881215,-0.07627118644067787,-0.06034482758620696,-617.962,-0.10817037636853567,4.0923452103521685,5.057043976060363
2019-07-01,256.08933333333334,56.336349206349205,116.4749046875,2532.405,2.19,20843.322,3117.952,102.2905,3.6,0.01749399715783806,0.0032987612015535905,-0.19158371865248391,-0.059181698895942936,0.02486730040038565,0.00905686946509987,-0.0012210604531411873,-0.0059051254431885525,0.13864818024263426,-0.08623087621696801,0.02797216868642849,0.01170001856591063,-0.011349990978984592,-0.014992686571407732,-0.014851474023724776,-7.554456396623443e-4,-0.04424778761061943,-0.00917431192660545,-585.547,-0.10363008921383197,4.031339961029334,-3.5438095238095215
2019-10-01,257.888,56.84492063492063,116.41376721311475,2537.466,1.6433333333333333,20985.448,3050.824,101.68853333333334,3.6,0.020485851427124224,0.007023590726152662,-0.05204074503672629,0.009027411888346437,0.006170132452206767,-5.248982564036719e-4,2.009919544110339e-5,0.0019984955013119254,-0.25975975975975985,-0.2496194824961948,0.03351776524198091,0.006818778695641736,-0.03808713648726103,-0.021529516811034988,-0.022687045507040926,-0.005884873636033183,-0.060869565217391175,0,-513.3580000000002,-0.09186316386586955,4.040326869413689,0.5085714285714289
2020-01-01,258.8176666666667,45.33516129032258,117.75593064516129,2430.941,1.26,20709.212,2932.536,99.93836666666667,3.8333333333333335,0.021437676690473362,0.0036049241014188826,-0.1730648378212859,-0.20247647839141225,0.027943399145401893,0.011529250055017037,-0.04302854371469844,-0.04198085806864016,-0.47572815533980584,-0.23326572008113589,0.013585350290757248,-0.013163216720462723,-0.06384693055697,-0.03877247589503685,-0.030085253088738217,-0.017211052311371766,-0.008620689655172376,0.06481481481481488,-501.59500000000025,-0.09352049053254079,3.814082918835654,-11.509759344598052
2020-04-01,256.292,27.960476190476193,121.8336421875,1829.691,0.060000000000000005,19077.992,2356.583,87.3719,13,0.004092762314199749,-0.009758478620084166,-0.5330594176198491,-0.383249658881334,0.055481212121081036,0.03462850253059657,-0.2817553096275174,-0.24733220592354965,-0.9749652294853963,-0.9523809523809523,-0.0739861495878491,-0.07876784495711386,-0.25552045390644496,-0.1964009989988188,-0.14649067822411665,-0.12574216575482688,2.5779816513761467,2.391304347826087,-526.892,-0.12586180455459914,3.3307919483534922,-17.37468509984639
2020-07-01,259.22166666666664,40.89171875,117.3474875,2116.753,0.09333333333333334,20558.879,2804.369,95.64913333333332,8.8,0.012231408831293145,0.01143097196427001,-0.274150360716107,0.4624829159357595,0.007491594990707506,-0.036821969752787065,-0.16413330411209903,0.1568909723007874,-0.9573820395738204,0.5555555555555556,-0.013646720997737227,0.07762279174873354,-0.100573389199064,0.19001494961136522,-0.06492652462024007,0.09473564536576773,1.4444444444444446,-0.32307692307692304,-687.616,-0.13972748491096135,3.710927566997692,12.93124255952381
2020-10-01,261.0916666666667,42.52492063492063,113.91718,2277.965,0.09,20791.917,3036.076,97.39466666666667,6.766666666666667,0.012422705463870809,0.007213903158815427,-0.25191344873130184,0.03993967323568737,-0.021445807251854743,-0.029232048960571078,-0.1022677742283048,0.07616004323603187,-0.9452332657200812,-0.03571428571428581,-0.009222152417236895,0.011335151104298946,-0.004834103835553938,0.08262357771035123,-0.04222567211773476,0.018249337683491795,0.8796296296296295,-0.23106060606060608,-758.1109999999999,-0.14266186504771036,3.7500902719643845,1.6332018849206307
2021-01-01,263.74233333333336,58.09344262295082,112.36396166666667,2393.033,0.08,21082.134,3182.082,97.62756666666667,6.233333333333333,0.019027552215008514,0.010152245379975167,0.28142132882080806,0.36610349309495516,-0.04578936236122544,-0.013634627659614984,-0.01559396135076907,0.05051350657275222,-0.9365079365079365,-0.11111111111111105,0.018007541764505586,0.013958164607909662,0.08509563053957381,0.048090364009333086,-0.02312225101404164,0.0023913013717382636,0.6260869565217391,-0.0788177339901478,-789.049,-0.1415305334508795,4.062052793855771,15.568521988030184
2021-04-01,268.5503333333333,66.18666666666667,111.826015625,2522.815,0.07,21440.929,3348.435,99.26356666666666,5.933333333333334,0.047829558992607435,0.018229913792122687,1.3671509102985504,0.1393138997845944,-0.08214173345567743,-0.004787531817919688,0.3788202488835546,0.054233267990871914,0.16666666666666674,-0.12499999999999989,0.12385669309432568,0.01701891279127632,0.4208856636918792,0.05227803683248888,0.13610401818738826,0.016757561986419756,-0.5435897435897435,-0.048128342245989275,-825.6199999999999,-0.14062082180114965,4.192479032788188,8.09322404371585
2021-07-01,272.8296666666667,70.57546875,113.304753125,2581.341,0.09,21617.828,3454.82,99.71783333333333,5.066666666666666,0.05249561186372054,0.01593493957060832,0.7259110379164484,0.06630945935737298,-0.03445096662167557,0.01322355528572916,0.21948144162308947,0.023198688766318476,-0.03571428571428581,0.2857142857142856,0.051508109950936465,0.00825052869677445,0.2319420161897383,0.03177155895216721,0.04253776127610842,0.004576368570274436,-0.4242424242424243,-0.1460674157303371,-873.4790000000003,-0.1447077041185615,4.256682615987846,4.388802083333331
2021-10-01,278.77133333333336,77.32730158730159,114.96657213114754,2777.597,0.08,21988.737,3686.382,100.54136666666666,4.166666666666666,0.06771440426414732,0.021777934706514124,0.8183996685416957,0.09566826769820902,0.009211886487600296,0.01466680752849081,0.21933260607603722,0.07602869981145477,-0.11111111111111105,-0.11111111111111105,0.05756179192135091,0.01715755162822097,0.2141929253417898,0.06702577847760516,0.03230875065027505,0.008258636452523449,-0.38423645320197053,-0.17763157894736847,-908.7849999999999,-0.1405921956120216,4.34804708324037,6.751832837301592
2022-01-01,284.90566666666666,95.18032258064517,115.4901935483871,2865.226,0.12000000000000001,21932.71,3914.397,100.79423333333332,3.8666666666666667,0.08024245886452297,0.022004892899078365,0.638400450777254,0.23087603765906306,0.02782237147346711,0.00455455361965762,0.19731988652057875,0.03154849317593578,0.5,0.5,0.04034582077886428,-0.002547986271335234,0.23013706120709654,0.06185332936195964,0.03243619373899498,0.0025150510188012287,-0.3796791443850267,-0.07199999999999984,-1049.1709999999998,-0.15475359028075747,4.555773224851386,17.853020993343577
2022-04-01,291.6053333333333,108.83435483870967,118.96356507936508,3093.734,0.77,21967.045,4089.904,101.26383333333334,3.6333333333333333,0.0858498282755189,0.023515385794362187,0.6443546762496424,0.1434543599754623,0.06382727144907241,0.030075034288714164,0.2263023646204736,0.07975217312700633,10,5.416666666666666,0.024537929303342976,0.0015654700217164752,0.22143747750814935,0.044836280019630026,0.020151065832479054,0.004658996695247497,-0.3876404494382023,-0.06034482758620696,-996.1700000000001,-0.13867207673883344,4.689827045964907,13.654032258064504
2022-07-01,295.453,93.0640625,123.5284203125,3129.075,2.19,22125.625,3984.675,101.2037,3.533333333333333,0.08292108995966929,0.013194774672616871,0.3186460415822603,-0.1449017854893423,0.09023158257289565,0.03837187654967744,0.21218971069688197,0.011423412614012696,23.333333333333332,1.844155844155844,0.023489732641040373,0.007218995545372753,0.15336689031555917,-0.02572896576545558,0.014900711507637387,-5.938283329192107e-4,-0.30263157894736836,-0.02752293577981657,-855.6000000000004,-0.1202741170268846,4.5332881000950875,-15.770292338709666
2022-10-01,298.5416666666667,82.78746031746032,124.81290819672131,3057.684,3.6533333333333333,22278.345,3908.3,100.65816666666667,3.566666666666667,0.07091953500718629,0.010454003400428125,0.07061100824776956,-0.11042503310598217,0.08564520871633552,0.010398318710559407,0.10083788252939496,-0.022815368759137922,44.666666666666664,0.6681887366818875,0.013170742821654535,0.0069024038868958915,0.06019940418545877,-0.019167184274752613,0.001161710884508338,-0.005390448504682399,-0.1439999999999998,0.009433962264151052,-850.616,-0.12210995603779738,4.4162766044808945,-10.27660218253969
2023-01-01,301.23033333333336,75.93016129032259,120.30960806451613,3085.516,4.516666666666667,22439.607,3880.433,100.72236666666666,3.533333333333333,0.05729849763137995,0.009006001395673424,-0.2022493806323481,-0.0828301653516419,0.04173007567183462,-0.0360804038401813,0.07688398751093284,0.009102314038991643,36.638888888888886,0.23631386861313874,0.023111462286238282,0.00723850896464695,-0.008676687622640178,-0.007130210065757536,-7.130037531909439e-4,6.378021985298243e-4,-0.0862068965517242,-0.009345794392523477,-794.9169999999999,-0.11411467410973004,4.32981398742047,-6.857299027137728
2023-04-01,303.3976666666667,73.53887096774193,119.39654761904762,3016.211,4.99,22580.499,3813.697,100.76706666666666,3.533333333333333,0.04043936096276268,0.007194937207518848,-0.3243046179974599,-0.03149328648779559,0.0036396231013562375,-0.0075892562544038755,-0.0250580689871851,-0.02246139705644057,5.48051948051948,0.10479704797047984,0.027926104762839188,0.006278719587201387,-0.06753385898544317,-0.017198080729650456,-0.004905667209253783,4.4379417878381844e-4,-0.02752293577981657,0,-797.4860000000003,-0.11676379828249522,4.297814123127342,-2.3912903225806588
2023-07-01,305.989,82.25031746031746,119.85063333333333,3082.082,5.26,22840.989,3847.616,100.92236666666666,3.6333333333333333,0.03566049422412365,0.008541045690309446,-0.11619678691420277,0.1184604329375254,-0.029772800217655715,0.003803172900229468,-0.0150181762981072,0.021838989381048002,1.4018264840182648,0.054108216432865675,0.032331922827038895,0.011536060385556546,-0.03439653171212209,0.008893994462590982,-0.0027798720139020627,0.0015411781362428822,0.028301886792452935,0.028301886792452935,-765.5340000000001,-0.11047148086395685,4.409767249337941,8.711446492575533
2023-10-01,308.195,78.52672131147541,121.54992295081968,3109.632,5.33,23033.78,3897.676,100.6453,3.8,0.03233496161898097,0.0072094094885764015,-0.0514659948456746,-0.04527151096576054,-0.02614301111194961,0.014178394975687958,0.01698932917855478,0.008938762823312407,0.458941605839416,0.013307984790874583,0.03390893713155063,0.008440571465622604,-0.0027183174270143384,0.013010653869824917,-1.2782536273758804e-4,-0.0027453445238929675,0.06542056074766345,0.04587155963302747,-788.0439999999999,-0.11246030572653576,4.363438965738109,-3.7235961488420486
2024-01-01,311.00333333333333,77.5039344262295,120.64401290322581,3164.101,5.33,23082.119,3986.579,99.98826666666666,3.8333333333333335,0.03244361180978883,0.009112196282656582,0.02072658755312684,-0.013024698703375526,0.0027795356006010685,-0.007452987427728819,0.0254689977300393,0.017516220568864815,0.18007380073800738,0,0.028632943527041155,0.002098613427756968,0.02735416382656264,0.022809232989094097,-0.007288351379087898,-0.006528206814757853,0.08490566037735858,0.00877192982456143,-822.4780000000001,-0.11502094905659323,4.35032870186077,-1.0227868852459068
2024-04-01,313.0806666666667,81.80571428571429,122.51596031746031,3192.632,5.33,23286.508,4087.002,100.6668,3.9666666666666663,0.03191520919189661,0.006679456811824025,0.11241460752910704,0.05550401913569103,0.02612648992469735,0.015516289363949332,0.05849093448701037,0.009017095219147508,0.06813627254509025,0,0.031266315239534936,0.008854862935244512,0.07166405721272562,0.025190269652250574,-9.9503409182633e-4,0.006786129572536437,0.12264150943396213,0.03478260869565197,-894.3699999999999,-0.1228591986904836,4.404347097962402,4.301779859484782
2024-07-01,314.12100000000004,76.4275,122.650203125,3256.486,5.263333333333334,23478.57,4194.811,100.07166666666667,4.166666666666667,0.02657611874936694,0.0033228922897401425,-0.07079386001308441,-0.06574374825370222,0.023358823510597482,0.0010957168942875573,0.05658642437157746,0.020000425980820857,6.337135614702394e-4,-0.012507817385866149,0.027913896372876,0.00824778021676753,0.09023639573179842,0.02637850434132405,-0.00842925139488393,-0.005911912699453237,0.14678899082568808,0.050420168067227156,-938.3249999999998,-0.12592774117042976,4.336342579050841,-5.378214285714293
2024-10-01,316.5876666666667,70.72903225806452,125.77585806451613,3248.255,4.65,23586.542,4186.921,99.69643333333333,4.133333333333333,0.027231676914507563,0.007852600324927739,-0.09929981696907275,-0.07456043625573872,0.03476707357030828,0.025484303000546937,0.04457858679097715,-0.00252757113035329,-0.12757973733583483,-0.11652944901836604,0.023997884845648576,0.004598746857240599,0.074209605929276945,-0.0018808952298445814,-0.00942782888685989,-0.003749646086971037,0.08771929824561386,-0.00800000000000023,-938.6660000000002,-0.12624664163968682,4.258856128755293,-5.698467741935474
2025-01-01,319.475,71.78333333333333,127.64460163934426,3293.661,4.33,23548.21,4558.265,100.7348,4.133333333333334,0.027239793785704514,0.009120169979247583,-0.073810460530119415,0.014906199641217421,0.05802682261351788,0.0148577286896312,0.04094685978734569,0.013978582346521495,-0.18761726078799246,-0.0688172043010753,0.020192730138857806,-0.0016251640448184945,0.14340265174727507,0.08869142742363656,0.0074662093685660125,0.010415283997120772,0.07826086956521738,2.220446049250313e-16,-1264.6040000000003,-0.1610565356830923,4.27365232283201,1.0543010752688105
2025-04-01,320.78566666666666,64.56725806451612,122.41503492063492,3267.506,4.33,23770.976,4167.305,101.19063333333334,4.2,0.024610270835418335,0.004102564102564044,-0.21072435308114545,-0.10052577574391275,-8.237734623625093e-4,-0.040969744521474616,0.023452123514391854,-0.007941011537010101,-0.18761726078799246,0,0.020804665087611918,0.009459997171759493,0.019648387742408735,-0.08576947588611017,0.005203635491873637,0.0045250830232783645,0.05882352941176494,0.016129032258064502,-899.7990000000004,-0.12102513433091984,4.167707441194624,-7.216075268817207
2025-07-01,323.235,65.77953125,120.237221875,3366.868,4.293333333333333,24026.834,4123.437,101.72890000000001,4.333333333333333,0.029014297038402415,0.007635420119560754,-0.13932117039023895,0.01877535490623705,-0.01967368327585073,-0.017790404969837748,0.03389604622897191,0.030409125492042,-0.18429385687143773,-0.008468052347960109,0.023351677721428432,0.010763462131298196,-0.0170148309423237,-0.010526707308440408,0.016560465000083235,0.00531933291585962,0.039999999999999813,0.03174603174603163,-756.569,-0.10100643431742765,4.186308714709373,1.2122731854838804
2025-10-01,325.547,59.615967741935485,120.74873548387097,3350.605,3.8966666666666665,24055.749,4135.581,101.25806666666666,4.45,0.028299691607274635,0.007152690766779601,-0.15712168202134458,-0.09370032578431486,-0.0399688991035666,0.004254203489521213,0.03150922572273407,-0.00483030519759009,-0.1620071684587815,-0.09239130434782605,0.01989299660798083,0.0012034461136245511,-0.012261993956895756,0.0029451159312001707,0.015663883662839106,-0.004628314405575429,0.07661290322580672,0.02692307692307705,-784.9760000000001,-0.10485659854029811,4.0879234533216,-6.16356350806452
2026-01-01,328.1136666666667,72.73508196721312,119.06635081967212,3524.222,3.64,24174.527,4416.654,101.79353333333333,4.333333333333333,0.027040196155150298,0.00788416623918109,0.01325862968023861,0.2200604086822413,-0.06720418027477348,-0.013932938158375818,0.07000143609193543,0.05181661222376266,-0.15935334872979212,-0.06586826347305386,0.026597223313364227,0.004937613873506885,-0.031066864256465987,0.06796457378056431,0.010510105081196652,0.0052881383606639965,0.04838709677419328,-0.02621722846441954,-892.4320000000002,-0.11238457822537466,4.286823826154235,13.119114225277634
